experiment,temperature_a,temperature_b,a,b,wins,losses,draws,games,score,score_ci95_low,score_ci95_high,paired_score_std,evaluation_seconds,behavior_a_actions,behavior_a_attack_moves,behavior_a_build_opportunity_steps,behavior_a_builds,behavior_a_completed_games,behavior_a_dithers,behavior_a_expansion_moves,behavior_a_game_length_sum,behavior_a_games_with_build,behavior_a_games_with_build_opportunity,behavior_a_games_with_successful_build,behavior_a_half_moves,behavior_a_moves,behavior_a_moves_after_move,behavior_a_passes,behavior_a_reinforce_moves,behavior_a_successful_builds,behavior_a_terminal_army_margin_sum,behavior_a_terminal_land_margin_sum,behavior_b_actions,behavior_b_attack_moves,behavior_b_build_opportunity_steps,behavior_b_builds,behavior_b_completed_games,behavior_b_dithers,behavior_b_expansion_moves,behavior_b_game_length_sum,behavior_b_games_with_build,behavior_b_games_with_build_opportunity,behavior_b_games_with_successful_build,behavior_b_half_moves,behavior_b_moves,behavior_b_moves_after_move,behavior_b_passes,behavior_b_reinforce_moves,behavior_b_successful_builds,behavior_b_terminal_army_margin_sum,behavior_b_terminal_land_margin_sum
broad,0.0,0.1,c26000_ema_greedy,c26000_ema_t0.1,538.0,465.0,21.0,1024.0,0.53564453125,0.5092160512769326,0.5620730112230674,0.30510624335361364,73.73117196187377,560925.0,92084.0,178035.0,4966.0,1024.0,3710.0,79280.0,560925.0,929.0,1017.0,929.0,18645.0,530815.0,524402.0,25144.0,359451.0,4966.0,55267.0,10886.0,560925.0,91354.0,176906.0,4911.0,1024.0,4005.0,79263.0,560925.0,935.0,1017.0,935.0,18818.0,530900.0,524555.0,25114.0,360283.0,4911.0,-55267.0,-10886.0
broad,0.0,0.25,c26000_ema_greedy,c26000_ema_t0.25,517.0,492.0,15.0,1024.0,0.51220703125,0.4850405016173988,0.5393735608826011,0.3136267318288584,52.13701110333204,566841.0,94161.0,182460.0,4970.0,1024.0,3737.0,79356.0,566841.0,935.0,1016.0,935.0,18599.0,536701.0,530271.0,25170.0,363184.0,4970.0,19257.0,4416.0,566841.0,93483.0,181723.0,4905.0,1024.0,3752.0,79125.0,566841.0,937.0,1014.0,937.0,18698.0,536835.0,530487.0,25101.0,364227.0,4905.0,-19257.0,-4416.0
broad,0.0,0.5,c26000_ema_greedy,c26000_ema_t0.5,511.0,494.0,19.0,1024.0,0.50830078125,0.4822942515120724,0.5343073109879276,0.3002349964541749,52.12071676924825,564739.0,92738.0,182445.0,4938.0,1024.0,4121.0,78823.0,564739.0,927.0,1016.0,927.0,18417.0,534629.0,528224.0,25172.0,363068.0,4938.0,-4459.0,2793.0,564739.0,92660.0,180270.0,4937.0,1024.0,3549.0,79520.0,564739.0,932.0,1018.0,932.0,18856.0,534616.0,528202.0,25186.0,362436.0,4936.0,4459.0,-2793.0
broad,0.0,1.0,c26000_ema_greedy,c26000_ema_t1,539.0,467.0,18.0,1024.0,0.53515625,0.5070926246989633,0.5632198753010367,0.3239833429394514,52.15699441730976,566960.0,92635.0,183786.0,4868.0,1024.0,3739.0,79619.0,566960.0,941.0,1016.0,941.0,18799.0,536912.0,530581.0,25180.0,364658.0,4868.0,59924.0,12763.0,566960.0,91559.0,182456.0,4849.0,1024.0,3547.0,80199.0,566960.0,940.0,1017.0,940.0,20555.0,536936.0,530608.0,25175.0,365178.0,4849.0,-59924.0,-12763.0
broad,0.1,0.25,c26000_ema_t0.1,c26000_ema_t0.25,507.0,491.0,26.0,1024.0,0.5078125,0.48044910408517105,0.535175895914829,0.315899474410903,65.45941564440727,565770.0,93153.0,180665.0,4869.0,1024.0,3538.0,79313.0,565770.0,942.0,1017.0,942.0,18551.0,535747.0,529422.0,25154.0,363281.0,4869.0,16635.0,1786.0,565770.0,92525.0,181946.0,4891.0,1024.0,3736.0,78956.0,565770.0,940.0,1017.0,940.0,18754.0,535725.0,529380.0,25154.0,364244.0,4891.0,-16635.0,-1786.0
broad,0.1,0.5,c26000_ema_t0.1,c26000_ema_t0.5,505.0,495.0,24.0,1024.0,0.5048828125,0.4768856865041506,0.5328799384958494,0.3232156350269272,52.13067412376404,563848.0,93127.0,181214.0,4959.0,1024.0,3765.0,79478.0,563848.0,933.0,1018.0,933.0,18661.0,533711.0,527285.0,25178.0,361106.0,4959.0,5786.0,2184.0,563848.0,92377.0,178978.0,4949.0,1024.0,3609.0,79713.0,563848.0,930.0,1018.0,930.0,19193.0,533751.0,527338.0,25148.0,361661.0,4949.0,-5786.0,-2184.0
broad,0.1,1.0,c26000_ema_t0.1,c26000_ema_t1,543.0,460.0,21.0,1024.0,0.54052734375,0.5122091639673507,0.5688455235326493,0.3269220727374872,52.129404816776514,555765.0,90673.0,178004.0,4947.0,1024.0,3517.0,79036.0,555765.0,926.0,1018.0,926.0,18669.0,525677.0,519288.0,25141.0,355968.0,4947.0,58041.0,12455.0,555765.0,89822.0,175891.0,4840.0,1024.0,3351.0,79609.0,555765.0,929.0,1015.0,929.0,20279.0,525712.0,519382.0,25213.0,356281.0,4840.0,-58041.0,-12455.0
broad,0.25,0.5,c26000_ema_t0.25,c26000_ema_t0.5,503.0,502.0,19.0,1024.0,0.50048828125,0.4721143134059343,0.5288622490940657,0.3275661236197209,52.119469344615936,565617.0,92748.0,179256.0,4759.0,1024.0,3809.0,78911.0,565617.0,929.0,1017.0,929.0,18724.0,535664.0,529418.0,25194.0,364005.0,4759.0,19366.0,1355.0,565617.0,92179.0,179954.0,4768.0,1024.0,3792.0,79071.0,565617.0,923.0,1019.0,923.0,18877.0,535643.0,529388.0,25206.0,364393.0,4768.0,-19366.0,-1355.0
broad,0.25,1.0,c26000_ema_t0.25,c26000_ema_t1,538.0,472.0,14.0,1024.0,0.5322265625,0.5043986317282225,0.5600544932717775,0.3212623437569579,52.10254139453173,565773.0,92789.0,184273.0,4868.0,1024.0,3641.0,79356.0,565773.0,945.0,1021.0,945.0,19040.0,535696.0,529355.0,25209.0,363551.0,4868.0,38151.0,10900.0,565773.0,91812.0,181419.0,4844.0,1024.0,3454.0,79945.0,565773.0,942.0,1019.0,942.0,20598.0,535730.0,529409.0,25199.0,363973.0,4844.0,-38151.0,-10900.0
broad,0.5,1.0,c26000_ema_t0.5,c26000_ema_t1,530.0,478.0,16.0,1024.0,0.525390625,0.4971830528153894,0.5535981971846107,0.3256451522048525,52.10559447109699,560415.0,91417.0,180627.0,5018.0,1024.0,3568.0,79209.0,560415.0,932.0,1018.0,932.0,19144.0,530132.0,523608.0,25265.0,359506.0,5018.0,26546.0,8155.0,560415.0,91513.0,176588.0,4926.0,1024.0,3369.0,79637.0,560415.0,925.0,1016.0,925.0,20097.0,530307.0,523919.0,25182.0,359157.0,4926.0,-26546.0,-8155.0
fine,0.0,0.05,c26000_ema_greedy,c26000_ema_t0.05,490.0,515.0,19.0,1024.0,0.48779296875,0.46179799754433287,0.5137879399556671,0.3001015578167552,56.87398975342512,563195.0,92899.0,177187.0,4893.0,1024.0,3948.0,79048.0,563195.0,930.0,1018.0,930.0,18845.0,533123.0,526760.0,25179.0,361176.0,4893.0,-35553.0,-4713.0,563195.0,93511.0,180664.0,4890.0,1024.0,3581.0,79218.0,563195.0,919.0,1020.0,919.0,19258.0,533127.0,526771.0,25178.0,360398.0,4889.0,35553.0,4713.0
fine,0.0,0.1,c26000_ema_greedy,c26000_ema_t0.1,511.0,498.0,15.0,1024.0,0.50634765625,0.4790652165674553,0.5336300959325447,0.3149648670504542,52.1354077719152,564917.0,93431.0,179772.0,4829.0,1024.0,3919.0,79308.0,564917.0,944.0,1021.0,944.0,18908.0,534898.0,528597.0,25190.0,362159.0,4829.0,9758.0,1121.0,564917.0,93387.0,179307.0,4805.0,1024.0,3986.0,79119.0,564917.0,942.0,1020.0,942.0,19110.0,534933.0,528666.0,25179.0,362427.0,4804.0,-9758.0,-1121.0
fine,0.0,0.15,c26000_ema_greedy,c26000_ema_t0.15,500.0,512.0,12.0,1024.0,0.494140625,0.46724619587516647,0.5210350541248335,0.3104854401683392,52.12699330970645,567697.0,94545.0,183353.0,4854.0,1024.0,3861.0,79289.0,567697.0,925.0,1018.0,925.0,18848.0,537655.0,531340.0,25188.0,363821.0,4854.0,16870.0,-1028.0,567697.0,94095.0,183882.0,4849.0,1024.0,3844.0,79164.0,567697.0,927.0,1023.0,927.0,19060.0,537642.0,531308.0,25206.0,364383.0,4849.0,-16870.0,1028.0
fine,0.0,0.2,c26000_ema_greedy,c26000_ema_t0.2,498.0,504.0,22.0,1024.0,0.4970703125,0.47010427511903413,0.5240363498809659,0.31131212887854554,52.1211347207427,559374.0,93950.0,178542.0,4860.0,1024.0,3634.0,79004.0,559374.0,938.0,1022.0,938.0,18756.0,529331.0,523004.0,25183.0,356377.0,4859.0,9565.0,-531.0,559374.0,93644.0,178003.0,4854.0,1024.0,3706.0,79316.0,559374.0,936.0,1021.0,936.0,19330.0,529343.0,523025.0,25177.0,356383.0,4854.0,-9565.0,531.0
fine,0.0,0.25,c26000_ema_greedy,c26000_ema_t0.25,507.0,501.0,16.0,1024.0,0.5029296875,0.4762710908859933,0.5295882841140067,0.3077628480437692,52.13044736161828,560407.0,92592.0,179016.0,4749.0,1024.0,3643.0,78806.0,560407.0,922.0,1020.0,922.0,18663.0,530449.0,524217.0,25209.0,359051.0,4749.0,2658.0,355.0,560407.0,92681.0,175303.0,4779.0,1024.0,3754.0,79077.0,560407.0,922.0,1020.0,922.0,19052.0,530433.0,524170.0,25195.0,358675.0,4779.0,-2658.0,-355.0
fine,0.05,0.1,c26000_ema_t0.05,c26000_ema_t0.1,517.0,483.0,24.0,1024.0,0.5166015625,0.48837737894567335,0.5448257460543267,0.325836923832134,54.03773403912783,568055.0,95559.0,181786.0,4858.0,1024.0,4000.0,79010.0,568055.0,932.0,1020.0,932.0,19128.0,538021.0,531713.0,25176.0,363452.0,4858.0,5295.0,3884.0,568055.0,95527.0,181868.0,4857.0,1024.0,4013.0,79289.0,568055.0,931.0,1018.0,931.0,19212.0,538019.0,531694.0,25179.0,363203.0,4856.0,-5295.0,-3884.0
fine,0.05,0.15,c26000_ema_t0.05,c26000_ema_t0.15,484.0,524.0,16.0,1024.0,0.48046875,0.45278299251190474,0.5081545074880953,0.31962100999376997,52.168118979781866,559511.0,92068.0,176399.0,4624.0,1024.0,4268.0,78849.0,559511.0,930.0,1019.0,930.0,18986.0,529687.0,523580.0,25200.0,358770.0,4623.0,-20081.0,-5894.0,559511.0,92416.0,176381.0,4641.0,1024.0,3897.0,78782.0,559511.0,927.0,1019.0,927.0,19260.0,529676.0,523575.0,25194.0,358478.0,4641.0,20081.0,5894.0
fine,0.05,0.2,c26000_ema_t0.05,c26000_ema_t0.2,523.0,480.0,21.0,1024.0,0.52099609375,0.4934012352690261,0.548590952230974,0.318571617269874,52.17686579376459,557974.0,92230.0,174465.0,4708.0,1024.0,4139.0,78942.0,557974.0,927.0,1021.0,927.0,18934.0,528025.0,521818.0,25241.0,356853.0,4708.0,26934.0,6879.0,557974.0,92246.0,173876.0,4662.0,1024.0,3960.0,78957.0,557974.0,929.0,1019.0,929.0,19099.0,528139.0,522005.0,25173.0,356936.0,4662.0,-26934.0,-6879.0
fine,0.05,0.25,c26000_ema_t0.05,c26000_ema_t0.25,528.0,474.0,22.0,1024.0,0.5263671875,0.4991918022336877,0.5535425727663124,0.313728966582309,52.166346710175276,552166.0,91189.0,174511.0,4758.0,1024.0,3852.0,78846.0,552166.0,924.0,1019.0,924.0,18832.0,522202.0,515972.0,25206.0,352167.0,4758.0,43023.0,8839.0,552166.0,91140.0,173554.0,4721.0,1024.0,3818.0,78923.0,552166.0,926.0,1022.0,926.0,18849.0,522264.0,516095.0,25181.0,352201.0,4721.0,-43023.0,-8839.0
fine,0.1,0.15,c26000_ema_t0.1,c26000_ema_t0.15,484.0,524.0,16.0,1024.0,0.48046875,0.45308235174516454,0.5078551482548355,0.31616502723705436,52.1787717230618,567510.0,94043.0,181995.0,4688.0,1024.0,4146.0,78796.0,567510.0,942.0,1020.0,942.0,19279.0,537645.0,531509.0,25177.0,364806.0,4688.0,-27424.0,-6918.0,567510.0,94492.0,182162.0,4716.0,1024.0,4074.0,78899.0,567510.0,933.0,1022.0,933.0,19110.0,537613.0,531434.0,25181.0,364222.0,4716.0,27424.0,6918.0
fine,0.1,0.2,c26000_ema_t0.1,c26000_ema_t0.2,506.0,497.0,21.0,1024.0,0.50439453125,0.4766762594419567,0.5321128030580433,0.319996374828397,52.16057500615716,560949.0,92473.0,177360.0,4679.0,1024.0,3786.0,78991.0,560949.0,904.0,1017.0,904.0,19088.0,531095.0,524946.0,25175.0,359631.0,4679.0,11487.0,936.0,560949.0,92388.0,176722.0,4666.0,1024.0,3453.0,78553.0,560949.0,913.0,1019.0,913.0,18975.0,531151.0,525037.0,25132.0,360210.0,4666.0,-11487.0,-936.0
fine,0.1,0.25,c26000_ema_t0.1,c26000_ema_t0.25,500.0,496.0,28.0,1024.0,0.501953125,0.4747160640119415,0.5291901859880584,0.31444098815098326,52.16097689792514,565706.0,94409.0,183093.0,4867.0,1024.0,3761.0,79116.0,565706.0,937.0,1021.0,937.0,18999.0,535625.0,529275.0,25214.0,362100.0,4867.0,-1423.0,1583.0,565706.0,94462.0,181605.0,4909.0,1024.0,3779.0,79208.0,565706.0,935.0,1017.0,935.0,19149.0,535605.0,529234.0,25192.0,361935.0,4909.0,1423.0,-1583.0
fine,0.15,0.2,c26000_ema_t0.15,c26000_ema_t0.2,517.0,487.0,20.0,1024.0,0.5146484375,0.486742446181183,0.542554428818817,0.3221635215880556,52.16005016118288,561991.0,94388.0,177761.0,4777.0,1024.0,3932.0,78955.0,561991.0,921.0,1021.0,921.0,19121.0,532046.0,525801.0,25168.0,358703.0,4776.0,9238.0,3406.0,561991.0,93805.0,179786.0,4748.0,1024.0,3743.0,79168.0,561991.0,916.0,1021.0,916.0,19173.0,532085.0,525874.0,25158.0,359112.0,4748.0,-9238.0,-3406.0
fine,0.15,0.25,c26000_ema_t0.15,c26000_ema_t0.25,491.0,513.0,20.0,1024.0,0.4892578125,0.46230663908359865,0.5162089859164013,0.31114053034566536,52.158527340739965,556060.0,91229.0,175616.0,4554.0,1024.0,3813.0,78743.0,556060.0,926.0,1019.0,926.0,19118.0,526303.0,520281.0,25203.0,356331.0,4554.0,-10172.0,-2325.0,556060.0,91880.0,174621.0,4561.0,1024.0,3521.0,78571.0,556060.0,910.0,1022.0,910.0,19223.0,526302.0,520262.0,25197.0,355851.0,4560.0,10172.0,2325.0
fine,0.2,0.25,c26000_ema_t0.2,c26000_ema_t0.25,500.0,507.0,17.0,1024.0,0.49658203125,0.469228606521955,0.523935455978045,0.31578436104288016,52.157058380544186,550667.0,90710.0,172868.0,4682.0,1024.0,3685.0,78849.0,550667.0,924.0,1019.0,924.0,19023.0,520802.0,514663.0,25183.0,351243.0,4682.0,1332.0,-942.0,550667.0,90533.0,173620.0,4669.0,1024.0,3584.0,78652.0,550667.0,918.0,1019.0,918.0,18948.0,520849.0,514736.0,25149.0,351664.0,4668.0,-1332.0,942.0
