turn,causal_score_effect_pts,critic_value_delta
189,18.750000,-1.030404
128,28.125000,-0.820051
180,65.625000,-0.547697
192,12.500000,-0.698410
131,-25.000000,-0.596788
186,-50.000000,-0.990544
184,-62.500000,-0.729152
132,0.000000,-0.848288
175,37.500000,-0.855970
127,56.250000,-0.462466
130,0.000000,-1.196990
179,68.750000,-0.655150
174,-12.500000,-0.496245
177,53.125000,-0.585349
188,-18.750000,-0.643965
180,-18.750000,-0.723210
173,-56.250000,-0.751447
189,-28.125000,-1.091497
128,6.250000,-1.063177
178,40.625000,-0.519107
190,-100.000000,-1.616904
174,25.000000,-0.940561
180,-31.250000,-1.003948
175,6.250000,-0.824552
193,-12.500000,-0.672728
134,-46.875000,-0.886939
189,-62.500000,-0.889874
180,-87.500000,-0.950499
179,-25.000000,-0.585677
182,12.500000,-0.598850
182,31.250000,-0.258484
196,-34.375000,-0.989854
184,-81.250000,-1.027477
131,12.500000,-0.899846
130,-31.250000,-0.786785
127,6.250000,-0.711283
132,50.000000,-0.858252
190,-81.250000,-1.164352
197,-15.625000,-0.709458
133,43.750000,-0.701395
184,-28.125000,-1.228098
183,-43.750000,-0.875559
137,25.000000,-0.786160
191,-93.750000,-1.009982
182,50.000000,-0.556556
131,31.250000,-0.634883
184,6.250000,-0.454353
182,0.000000,-0.727502
195,-43.750000,-0.814404
183,68.750000,-0.634628
179,-31.250000,-1.292989
180,-100.000000,-1.320893
127,40.625000,-0.646726
131,-53.125000,-0.817556
167,59.375000,-0.943315
185,-12.500000,-0.405419
176,15.625000,-0.750212
136,21.875000,-0.513925
178,-31.250000,-0.939394
184,-56.250000,-1.112879
128,18.750000,-1.046121
195,43.750000,-0.447362
127,-81.250000,-1.212024
182,-6.250000,-0.530748
132,40.625000,-0.965713
183,-68.750000,-1.093276
176,12.500000,-0.636058
133,-100.000000,-1.376662
190,-59.375000,-1.169338
191,-28.125000,-0.564076
189,-37.500000,-1.118023
180,-62.500000,-0.967410
128,-6.250000,-0.439212
129,-25.000000,-0.874352
129,-93.750000,-1.078055
185,-18.750000,-0.675015
186,75.000000,-0.523187
129,0.000000,-1.186668
184,-62.500000,-1.272797
133,-62.500000,-0.861009
189,12.500000,-0.519881
188,-9.375000,-0.830768
132,-50.000000,-0.631214
172,93.750000,-0.278262
183,-28.125000,-0.918267
174,-40.625000,-0.900850
130,0.000000,-0.852135
199,-62.500000,-1.084067
173,50.000000,-0.461250
190,-37.500000,-1.215792
191,-87.500000,-1.210465
180,31.250000,-0.774543
181,-43.750000,-0.673164
186,6.250000,-0.842666
179,62.500000,-0.543689
190,0.000000,-1.132844
177,12.500000,-0.586577
181,12.500000,-0.536953
198,-6.250000,-1.220569
171,50.000000,-0.572363
189,-62.500000,-0.433039
133,-12.500000,-1.306673
180,-37.500000,-0.720108
181,-59.375000,-0.439457
187,-18.750000,-1.098823
129,59.375000,-0.792424
191,-75.000000,-1.063100
179,25.000000,-0.563760
138,-31.250000,-0.696861
131,-40.625000,-0.987846
185,-3.125000,-1.172046
175,31.250000,-0.595735
130,-56.250000,-1.093085
183,-50.000000,-0.870282
183,-18.750000,-1.138684
127,65.625000,-0.464724
186,-18.750000,-0.750840
183,-50.000000,-0.633408
186,87.500000,-0.592574
192,0.000000,-1.186228
179,-34.375000,-0.869079
179,18.750000,-0.921795
183,0.000000,-0.904390
131,-81.250000,-1.216777
184,-6.250000,-0.754753
180,-6.250000,-0.955060
190,-6.250000,-0.503650
183,-6.250000,-0.578396
134,56.250000,-0.626400
181,-37.500000,-0.588847
188,0.000000,-0.603476
138,-59.375000,-1.068545
185,46.875000,-0.465012
190,21.875000,-0.824722
191,78.125000,-0.759969
173,81.250000,-0.565557
174,9.375000,-0.970171
183,18.750000,-0.822892
181,-12.500000,-1.320882
185,-12.500000,-0.595959
193,-50.000000,-0.757862
128,-25.000000,-0.721765
128,-71.875000,-0.908242
179,-34.375000,-1.164557
179,-25.000000,-0.830311
181,-3.125000,-0.636487
193,12.500000,-0.849592
131,6.250000,-0.859075
191,-75.000000,-1.315338
179,18.750000,-0.818165
182,-31.250000,-0.692300
178,-6.250000,-0.716969
189,15.625000,-0.540863
133,-87.500000,-1.017181
126,-50.000000,-1.130733
171,50.000000,-0.489445
128,-62.500000,-0.891185
178,-31.250000,-1.025246
180,37.500000,-0.942138
194,18.750000,-0.530553
181,-37.500000,-0.843419
186,-40.625000,-0.969506
186,62.500000,-0.523321
191,0.000000,-0.154531
195,-59.375000,-0.799506
172,18.750000,-0.728131
197,-12.500000,-0.907520
184,-62.500000,-0.883315
184,0.000000,-0.188650
137,-15.625000,-0.511320
186,-12.500000,-0.616804
186,-18.750000,-0.750092
137,-53.125000,-0.618752
174,0.000000,-0.768396
131,-6.250000,-1.211350
183,-6.250000,-0.562219
132,37.500000,-0.874424
135,6.250000,-0.640380
135,-37.500000,-0.823288
169,0.000000,-0.914772
194,-31.250000,-0.896811
189,6.250000,-0.585332
132,-12.500000,-1.019088
175,93.750000,-0.602945
182,31.250000,-0.690703
131,3.125000,-0.697972
188,-81.250000,-1.204901
133,-6.250000,-0.588122
181,21.875000,-0.672607
180,18.750000,-0.260507
189,-43.750000,-0.673210
134,-100.000000,-1.049742
178,56.250000,-0.555836
193,-68.750000,-1.153762
131,12.500000,-0.445953
195,12.500000,-0.788681
181,-37.500000,-0.415007
181,-37.500000,-1.130338
172,43.750000,-0.838674
181,12.500000,-0.688090
185,-12.500000,-0.367428
184,62.500000,-0.650930
180,-12.500000,-1.005963
132,-12.500000,-0.569034
187,-56.250000,-1.042587
133,15.625000,-0.736362
129,43.750000,-0.711625
180,-18.750000,-0.980943
128,37.500000,-0.705443
185,-81.250000,-1.235917
178,25.000000,-0.286394
181,-25.000000,-0.704613
183,-50.000000,-0.806035
182,-75.000000,-0.900311
194,-93.750000,-1.430802
187,-28.125000,-0.988705
179,-37.500000,-0.457918
133,-31.250000,-1.170759
190,-31.250000,-0.843092
178,40.625000,-0.604577
180,-50.000000,-1.110864
184,-62.500000,-0.933696
182,-46.875000,-1.013104
189,-6.250000,-0.895309
179,9.375000,-0.614755
178,-12.500000,-0.785307
185,-43.750000,-1.014220
170,62.500000,-0.796732
128,-18.750000,-0.972183
134,-18.750000,-0.820561
174,-12.500000,-0.742896
188,-6.250000,-0.564985
127,37.500000,-0.626466
134,-25.000000,-0.755185
191,9.375000,-0.787171
186,-37.500000,-0.611023
140,6.250000,-1.126300
176,21.875000,-0.480600
128,31.250000,-0.741035
131,-59.375000,-1.082705
178,-46.875000,-0.758144
182,18.750000,-0.518922
184,-50.000000,-0.897404
176,-31.250000,-0.822212
180,-75.000000,-0.636921
175,3.125000,-0.707124
186,0.000000,-0.534906
129,25.000000,-0.610177
179,46.875000,-0.834578
177,-50.000000,-0.812590
180,-25.000000,-0.762677
184,43.750000,-0.805277
194,12.500000,-0.389561
187,-37.500000,-0.789742
135,-68.750000,-0.695681
134,-34.375000,-0.608288
133,-40.625000,-0.767373
182,-62.500000,-0.815808
191,-37.500000,-1.255685
192,-43.750000,-0.798060
189,6.250000,-0.552655
181,-87.500000,-1.113873
191,-31.250000,-0.866189
183,31.250000,-0.782645
194,-50.000000,-0.597609
185,-46.875000,-0.664678
175,-56.250000,-1.300946
130,-21.875000,-0.972491
193,-87.500000,-0.670937
188,-6.250000,-0.926787
132,-56.250000,-1.112196
188,43.750000,-0.849915
172,37.500000,-1.023419
184,-6.250000,-0.947560
179,78.125000,-0.670129
182,43.750000,-0.721302
175,25.000000,-0.792509
138,62.500000,-0.497788
130,-3.125000,-1.350198
179,-34.375000,-0.875189
185,-68.750000,-1.058435
184,37.500000,-0.419538
179,-56.250000,-0.994750
127,-6.250000,-0.864550
171,0.000000,-0.816681
181,0.000000,-0.263183
132,43.750000,-0.490967
182,-25.000000,-0.378269
186,56.250000,-0.339768
181,37.500000,-0.818628
131,25.000000,-0.917729
183,-40.625000,-0.754617
179,15.625000,-1.142588
184,-81.250000,-1.035880
190,-12.500000,-0.678761
184,-31.250000,-0.961764
133,-40.625000,-0.819570
190,-75.000000,-1.079187
132,-43.750000,-0.626793
181,-15.625000,-0.593147
136,31.250000,-0.753640
130,-65.625000,-0.858344
179,43.750000,-0.694808
190,-81.250000,-1.090785
128,-6.250000,-0.624349
189,-9.375000,-0.531147
187,-37.500000,-0.710817
169,46.875000,-0.647726
184,0.000000,-1.254071
130,21.875000,-0.650025
132,56.250000,-0.750538
187,68.750000,-0.724287
182,-15.625000,-1.043177
131,-71.875000,-1.185043
181,43.750000,-0.825933
171,-28.125000,-0.694339
133,0.000000,-0.945846
190,0.000000,-0.446400
196,-3.125000,-1.097629
130,-75.000000,-1.250239
176,28.125000,-0.626607
130,-12.500000,-0.567116
191,-81.250000,-1.157344
195,6.250000,-0.126604
184,-15.625000,-0.615523
137,-81.250000,-1.017838
169,9.375000,-0.662596
181,6.250000,-0.977966
189,0.000000,-0.758553
127,50.000000,-0.605002
132,-18.750000,-0.786785
176,18.750000,-0.904506
184,-6.250000,-0.900385
134,18.750000,-0.645409
183,15.625000,-0.775664
187,31.250000,-0.383719
183,-50.000000,-0.969103
142,-6.250000,-0.269556
130,53.125000,-0.601496
127,-46.875000,-0.844109
185,-56.250000,-1.364176
170,75.000000,-0.370840
189,68.750000,-0.599739
134,6.250000,-1.066719
180,-87.500000,-1.208433
175,-6.250000,-0.564479
131,28.125000,-0.789199
174,53.125000,-0.630274
181,31.250000,-0.642292
187,-12.500000,-1.187720
189,25.000000,-0.978709
186,0.000000,-1.104624
174,59.375000,-0.623479
179,0.000000,-0.897214
191,37.500000,-0.570207
177,6.250000,-0.515551
175,-37.500000,-1.064244
187,-28.125000,-0.603951
185,-68.750000,-0.791392
176,-46.875000,-0.813063
184,34.375000,-0.736165
130,53.125000,-0.364726
134,-50.000000,-0.900059
178,34.375000,-0.924567
176,68.750000,-0.322452
128,9.375000,-0.854620
132,68.750000,-0.807478
177,-87.500000,-1.309094
175,31.250000,-0.642729
181,-18.750000,-0.771393
133,0.000000,-0.854303
179,-21.875000,-0.555631
132,-34.375000,-0.580601
184,-31.250000,-0.944435
193,-3.125000,-1.176885
187,0.000000,-0.811021
184,-6.250000,-0.300905
129,40.625000,-0.669919
129,21.875000,-0.854866
136,-59.375000,-1.044015
180,-50.000000,-0.982866
190,-56.250000,-1.060282
187,-53.125000,-0.907510
378,-56.250000,-0.630538
306,0.000000,-0.803100
286,-25.000000,-0.401150
223,81.250000,-0.454248
339,9.375000,-0.353561
234,9.375000,-1.072802
321,28.125000,-0.778742
279,6.250000,-1.076191
313,37.500000,-0.688600
235,18.750000,-0.411165
356,-6.250000,-0.794538
274,18.750000,-0.632583
391,50.000000,-0.166720
387,-18.750000,-0.626926
321,-28.125000,-1.109953
234,-93.750000,-1.152070
246,-46.875000,-1.078059
216,50.000000,-0.411237
395,0.000000,-0.258626
283,-6.250000,-0.363336
375,31.250000,-0.416348
396,-50.000000,-0.655545
327,0.000000,-0.098089
321,40.625000,-0.488336
289,62.500000,-0.591952
326,0.000000,-0.372011
386,0.000000,-0.165607
394,-56.250000,-1.529897
333,0.000000,-0.192531
230,81.250000,-0.597641
319,18.750000,-0.251285
333,-56.250000,-1.707408
359,0.000000,-0.714589
280,-31.250000,-0.517709
321,-50.000000,-0.823893
288,-46.875000,-0.780681
239,18.750000,-0.446392
239,31.250000,-0.968990
328,-6.250000,-0.618678
321,-6.250000,-1.332351
373,0.000000,-0.088518
317,-62.500000,-1.267520
213,0.000000,-0.652969
270,31.250000,-0.428094
241,-25.000000,-0.680923
323,12.500000,-0.809073
365,9.375000,-0.326540
298,-37.500000,-1.095432
370,37.500000,-0.729926
274,25.000000,-0.704770
275,3.125000,-0.495900
361,-6.250000,-0.690670
316,-6.250000,-0.695940
308,3.125000,-1.193400
302,12.500000,-0.230831
282,-53.125000,-1.165705
264,37.500000,-0.543041
338,-6.250000,-1.124798
281,12.500000,-0.172275
232,18.750000,-0.381904
236,-50.000000,-1.512265
269,12.500000,-0.704075
337,0.000000,-0.265412
378,-3.125000,-0.582117
237,-56.250000,-0.844659
231,68.750000,-0.346425
381,12.500000,-0.663588
318,84.375000,-0.671858
280,-25.000000,-0.592470
296,-12.500000,-0.788947
327,-46.875000,-1.020632
375,-18.750000,-1.104479
374,-12.500000,-0.517271
374,53.125000,-0.571887
338,-100.000000,-1.392514
376,18.750000,-0.578191
227,-68.750000,-0.669108
374,-34.375000,-0.845956
377,-9.375000,-0.671653
323,0.000000,-1.100622
232,3.125000,-0.304492
376,0.000000,-0.069365
326,-78.125000,-1.013887
337,-6.250000,-0.573747
336,-18.750000,-1.018821
235,-18.750000,-0.935423
362,12.500000,-0.645224
310,-28.125000,-0.627397
282,9.375000,-0.352383
296,-84.375000,-1.045996
336,0.000000,-0.107698
376,-12.500000,-0.704881
264,6.250000,-1.095346
332,59.375000,-0.703116
288,-93.750000,-1.185150
366,56.250000,-0.265770
228,40.625000,-0.686969
377,-56.250000,-1.003122
321,21.875000,-0.873603
265,-18.750000,-0.914714
388,0.000000,-0.112303
383,-81.250000,-0.547868
280,-15.625000,-1.161316
336,-15.625000,-0.862887
357,62.500000,-0.430562
333,-84.375000,-0.911980
244,-12.500000,-0.815027
282,-37.500000,-0.672777
310,-93.750000,-1.148690
293,-50.000000,-0.753994
233,25.000000,-0.488712
348,-81.250000,-1.289080
351,31.250000,-0.638823
375,0.000000,-0.093342
335,-21.875000,-0.422206
396,34.375000,-0.396574
335,-21.875000,-0.721705
275,-50.000000,-0.899180
280,12.500000,-0.530142
341,-46.875000,-0.836131
378,0.000000,-0.675832
326,-12.500000,-0.796104
294,12.500000,-0.796110
239,18.750000,-0.791276
372,-6.250000,-0.726938
339,-100.000000,-1.536871
386,0.000000,-0.050275
325,75.000000,-0.307983
231,0.000000,-0.649741
271,6.250000,-0.858052
392,-25.000000,-0.126244
269,-25.000000,-0.507824
313,78.125000,-0.695680
342,-68.750000,-1.206998
260,-18.750000,-0.887338
330,0.000000,-0.022784
381,25.000000,-0.321332
239,-87.500000,-1.331426
387,34.375000,-0.214787
325,12.500000,-0.175262
265,50.000000,-0.640292
383,-21.875000,-0.821163
380,21.875000,-0.936806
313,46.875000,-0.350339
279,31.250000,-0.250951
321,-50.000000,-1.173852
277,37.500000,-0.232380
385,-56.250000,-0.677148
321,9.375000,-0.976793
386,-87.500000,-1.071744
349,9.375000,-0.299882
385,-12.500000,-0.499070
261,12.500000,-0.519053
325,18.750000,-0.246941
292,-68.750000,-1.452837
272,-43.750000,-0.745631
390,-37.500000,-0.615607
280,6.250000,-0.786033
378,-53.125000,-1.031989
292,-12.500000,-0.700598
231,37.500000,-0.670636
281,43.750000,-0.357088
386,0.000000,-0.405605
280,-9.375000,-0.776625
322,-12.500000,-0.156600
325,-37.500000,-0.984771
296,37.500000,-0.577491
396,-78.125000,-0.966188
327,-6.250000,-0.920643
383,6.250000,-0.365091
315,18.750000,-0.983244
382,0.000000,-0.849847
377,12.500000,-0.672672
336,34.375000,-0.542772
378,43.750000,-0.341426
234,6.250000,-0.750481
273,0.000000,-0.637193
396,3.125000,-0.170784
237,-71.875000,-1.215779
285,-87.500000,-1.389343
327,31.250000,-0.582146
363,31.250000,-0.482586
325,-12.500000,-0.278830
388,-6.250000,-0.368428
277,21.875000,-0.404346
230,-46.875000,-0.868299
240,-12.500000,-0.777603
379,0.000000,-0.383517
376,-6.250000,-1.039245
219,37.500000,-0.576411
380,43.750000,-0.494792
231,56.250000,-1.018204
231,0.000000,-0.854962
243,31.250000,-0.996764
302,12.500000,-0.983652
361,34.375000,-0.620653
232,0.000000,0.001653
287,-12.500000,-1.007421
396,0.000000,-1.034645
333,0.000000,-0.273056
225,-25.000000,-0.757455
238,-62.500000,-0.837392
385,59.375000,-0.193311
265,34.375000,-0.612518
345,0.000000,-0.526461
324,43.750000,-0.568644
229,-18.750000,-1.013893
330,46.875000,-0.311635
277,-21.875000,-1.113467
394,68.750000,-0.364403
389,50.000000,-0.666988
362,-31.250000,-0.500014
335,0.000000,-1.070648
301,0.000000,-0.125777
231,-75.000000,-1.144067
222,-9.375000,-1.227253
271,31.250000,-0.071507
374,34.375000,-0.327145
374,37.500000,-0.098865
217,53.125000,-0.330096
392,-50.000000,-0.721747
371,-6.250000,-0.263972
319,-6.250000,-1.380926
324,0.000000,-0.411853
269,31.250000,-0.597469
380,50.000000,-0.616947
387,-68.750000,-0.869817
293,34.375000,-0.674477
324,-6.250000,-0.638059
365,-18.750000,-1.410474
323,25.000000,-0.823208
243,0.000000,-0.124418
328,0.000000,-0.320943
278,25.000000,-0.652465
321,43.750000,-0.679397
286,-6.250000,-0.472223
226,6.250000,-0.966152
326,-75.000000,-1.082683
326,-6.250000,-0.706078
371,-81.250000,-1.024899
235,9.375000,-0.980874
235,-25.000000,-0.727044
388,-25.000000,-1.172914
293,25.000000,-0.239350
298,-68.750000,-1.324328
300,-6.250000,-0.716732
368,0.000000,-0.027809
341,-6.250000,-0.181858
217,62.500000,-0.450081
362,15.625000,-0.515471
271,53.125000,-0.734130
341,18.750000,-0.369611
253,0.000000,-0.092541
390,0.000000,-0.226555
343,50.000000,-0.515999
347,18.750000,-0.612782
283,56.250000,-0.539386
331,-62.500000,-0.337738
325,-75.000000,-1.294819
374,-9.375000,-0.742291
222,-6.250000,-0.839947
375,-50.000000,-0.582613
250,-50.000000,-0.697044
383,-25.000000,-1.054593
321,50.000000,-0.477514
317,-31.250000,-0.621967
384,-31.250000,-0.905316
283,6.250000,-1.019569
349,-50.000000,-0.986964
323,-3.125000,-0.293314
333,-21.875000,-0.791048
338,-37.500000,-1.386597
241,34.375000,-0.745291
279,-37.500000,-1.058031
372,75.000000,-0.297850
237,-6.250000,-0.375287
233,-87.500000,-1.233393
315,43.750000,-0.216705
333,0.000000,-0.677870
290,0.000000,-0.255334
328,-71.875000,-1.194403
328,15.625000,-0.551945
290,0.000000,-0.505822
380,6.250000,-0.557634
286,-12.500000,-0.748963
271,-12.500000,-0.691935
331,-28.125000,-0.488599
383,-25.000000,-0.576825
328,0.000000,-0.698698
372,93.750000,-0.294587
215,6.250000,-0.550701
333,-68.750000,-0.688320
297,0.000000,-0.094242
329,-25.000000,-0.517554
373,-28.125000,-1.007995
395,-12.500000,-0.514397
241,0.000000,-1.091121
264,-31.250000,-1.170648
338,3.125000,-0.348724
324,31.250000,-0.421503
289,0.000000,-0.407839
368,59.375000,-0.580404
398,-68.750000,-0.751867
227,18.750000,-0.652407
391,18.750000,-0.083080
239,-53.125000,-1.103918
229,37.500000,-0.555749
389,-46.875000,-1.083820
238,-46.875000,-0.679459
287,-59.375000,-0.748012
242,6.250000,-0.357657
375,-25.000000,-0.778972
279,-12.500000,-0.462400
342,9.375000,-0.979356
281,43.750000,-0.535829
283,37.500000,-0.581975
245,-3.125000,-0.713716
317,31.250000,-1.145077
388,3.125000,-1.118543
283,-37.500000,-0.819262
228,0.000000,-0.337150
318,-31.250000,-1.118989
222,9.375000,-0.743335
286,0.000000,-0.192499
339,-100.000000,-1.424509
318,37.500000,-0.552392
274,0.000000,-0.252637
216,25.000000,-0.357106
329,3.125000,-0.504340
386,0.000000,-0.088450
220,0.000000,-0.502836
291,0.000000,-0.441378
337,-31.250000,-1.093163
367,6.250000,-0.167318
273,-18.750000,-0.712021
336,-62.500000,-0.832029
284,25.000000,-0.917760
219,18.750000,-0.886335
297,12.500000,-0.873210
228,-31.250000,-0.736971
277,31.250000,-0.697274
289,31.250000,-0.901108
325,-15.625000,-0.618535
289,-18.750000,-0.650761
291,59.375000,-0.463107
321,31.250000,-0.373929
229,25.000000,-0.376040
243,46.875000,-0.340640
295,-6.250000,-1.189090
229,-9.375000,-0.704325
223,50.000000,-0.737256
311,-9.375000,-0.575319
326,-25.000000,-0.875478
331,0.000000,-0.191449
228,18.750000,-0.428754
243,6.250000,-0.053863
290,-25.000000,-1.256661
276,-12.500000,-0.789893
372,-68.750000,-0.724098
331,-31.250000,-0.722790
309,-9.375000,-0.750662
332,0.000000,-1.004140
351,-6.250000,-0.437898
337,-93.750000,-1.412924
363,37.500000,-0.503907
375,-12.500000,-0.241872
241,-50.000000,-0.540664
347,-100.000000,-0.735193
395,0.000000,-0.344907
367,81.250000,-0.349475
327,-43.750000,-1.046138
367,0.000000,-0.804448
282,-18.750000,-0.880068
255,-18.750000,-0.357462
235,-37.500000,-0.964035
262,-3.125000,-0.237988
229,12.500000,-0.436891
295,12.500000,-0.080372
217,-37.500000,-0.713932
340,-6.250000,-0.337084
388,0.000000,-0.072877
344,-62.500000,-0.548829
229,-6.250000,-0.475414
385,-40.625000,-1.107681
242,-6.250000,-0.866591
379,-18.750000,-0.734315
305,0.000000,-0.656749
380,34.375000,-0.553763
274,-100.000000,-1.484239
272,18.750000,-0.776418
371,34.375000,-0.121753
232,43.750000,-0.281533
340,-12.500000,-0.657514
280,62.500000,-0.299486
599,-6.250000,-0.053170
579,6.250000,-0.327569
422,0.000000,-0.850127
523,0.000000,-0.825468
465,0.000000,-0.079231
537,-12.500000,-0.680498
527,-81.250000,-0.335953
437,21.875000,-0.681471
487,0.000000,-0.071977
545,0.000000,-0.079415
475,-6.250000,-0.175927
410,6.250000,-0.105576
497,25.000000,-0.174349
572,0.000000,-0.066122
595,0.000000,-0.038639
478,-12.500000,-1.424116
424,50.000000,-0.621709
480,-18.750000,-0.496982
405,-71.875000,-0.984826
426,18.750000,-0.548678
521,0.000000,-0.120723
424,-12.500000,-0.810262
569,-15.625000,-0.509365
524,-6.250000,-0.940259
562,-12.500000,-0.587910
491,-68.750000,-0.832744
482,0.000000,-0.316080
430,-18.750000,-0.845639
478,-34.375000,-0.481821
485,0.000000,-0.121114
470,-46.875000,-1.125258
532,-75.000000,-0.620493
510,0.000000,-0.844178
584,0.000000,-0.018825
472,0.000000,-0.277120
429,0.000000,-0.688186
449,-12.500000,-0.514436
483,3.125000,-0.906997
457,-3.125000,-0.782285
507,6.250000,-0.478554
518,-18.750000,-1.289811
473,-18.750000,-1.262849
459,-62.500000,-0.676567
486,0.000000,-0.385038
473,6.250000,-0.225370
424,-18.750000,-0.632548
531,0.000000,-0.009005
590,-12.500000,-0.747509
541,-71.875000,-0.500617
496,-6.250000,-0.439938
532,-31.250000,-0.200267
409,56.250000,-0.589086
485,0.000000,-0.012904
533,0.000000,-0.535995
440,-62.500000,-1.006317
471,-18.750000,-0.478976
569,0.000000,-0.020474
417,-37.500000,-0.739588
530,6.250000,-0.125752
432,-37.500000,-0.513286
541,-40.625000,-0.761824
584,0.000000,-0.249930
527,6.250000,-1.367604
534,34.375000,-0.702973
481,-50.000000,-0.566971
461,0.000000,-0.074740
583,-6.250000,-0.043642
459,-9.375000,-1.037952
532,-15.625000,-0.435288
594,0.000000,-0.045438
534,-18.750000,-0.494259
536,-15.625000,-0.166495
587,-6.250000,-0.341400
568,71.875000,-0.452812
571,3.125000,-0.880302
529,0.000000,-0.082136
521,3.125000,-0.604823
416,-25.000000,-1.113917
484,-25.000000,-1.083531
540,-62.500000,-0.826614
462,3.125000,-0.164440
525,-21.875000,-0.657538
466,0.000000,-0.221831
513,25.000000,-0.323996
595,0.000000,-0.086489
567,6.250000,-0.132442
545,21.875000,-0.390876
540,0.000000,-0.782660
473,25.000000,-0.871317
479,-18.750000,-0.559255
492,-31.250000,-0.938539
528,-25.000000,-0.361711
486,25.000000,-0.130301
487,0.000000,-0.867943
551,12.500000,-0.076856
538,31.250000,-0.089639
510,0.000000,-0.060503
438,12.500000,-0.195211
514,0.000000,-0.090491
424,6.250000,-0.428636
537,-65.625000,-1.145553
563,0.000000,-0.058837
580,-40.625000,-0.762657
596,9.375000,-0.261537
424,-25.000000,-0.586309
438,9.375000,-0.437043
438,-100.000000,-1.480891
544,-53.125000,-0.639338
563,-6.250000,-0.412371
529,9.375000,-0.438465
433,-6.250000,-0.516426
446,15.625000,-0.351509
521,18.750000,-0.176002
400,25.000000,-0.243557
440,-75.000000,-1.300401
410,6.250000,-0.380160
531,-18.750000,-0.699033
475,-3.125000,-0.142224
486,15.625000,-0.089689
563,9.375000,-0.358655
424,-9.375000,-0.547956
485,-6.250000,-0.784935
539,12.500000,-0.390889
469,28.125000,-0.122942
467,18.750000,-0.121859
516,6.250000,-0.520454
447,0.000000,-0.037084
412,-62.500000,-0.878315
431,-78.125000,-0.455625
441,6.250000,-0.142001
493,-3.125000,-0.647228
478,-75.000000,-0.914884
475,-3.125000,-0.211719
571,-28.125000,-0.719669
573,-6.250000,-0.272129
424,-68.750000,-0.673349
511,78.125000,-0.194852
403,6.250000,-0.739277
574,43.750000,-0.586567
513,0.000000,-0.395526
479,-12.500000,-0.923582
401,21.875000,-0.714298
474,-53.125000,-1.040982
596,-90.625000,-0.385120
521,40.625000,-0.045692
564,43.750000,-0.438436
523,-18.750000,-0.698263
472,-12.500000,-0.532700
428,12.500000,-0.095745
434,-6.250000,-0.212674
401,-3.125000,-0.438272
478,-46.875000,-0.543934
517,43.750000,-0.380790
550,18.750000,-0.725920
521,-31.250000,-0.503630
572,-37.500000,-0.229659
459,0.000000,-0.501238
588,-100.000000,-1.536135
425,-40.625000,-0.856578
541,-3.125000,-0.288371
507,37.500000,-0.691992
530,-3.125000,-0.772282
572,-96.875000,-0.914753
552,0.000000,-0.114548
523,3.125000,-0.345998
489,0.000000,-0.170402
467,25.000000,-0.733877
595,0.000000,-0.183659
445,0.000000,-0.236765
441,56.250000,-0.192499
535,-75.000000,-0.909064
595,46.875000,-0.115287
468,-6.250000,-0.544471
594,0.000000,-0.107312
444,31.250000,-0.379092
583,3.125000,-0.062984
533,-43.750000,-0.950877
486,0.000000,-0.045621
473,-28.125000,-1.057901
432,-37.500000,-0.486967
531,0.000000,-0.047331
489,-3.125000,-0.181803
573,-59.375000,-0.695154
420,-12.500000,-0.748766
489,-46.875000,-1.216502
420,-62.500000,-0.743065
597,12.500000,-0.040488
560,-6.250000,-0.450530
407,12.500000,-0.062009
432,15.625000,-0.697821
516,0.000000,-0.436234
418,0.000000,-0.048648
436,15.625000,-0.155983
430,-62.500000,-0.807331
535,-6.250000,-0.469192
484,15.625000,-0.453454
540,0.000000,-0.011136
445,28.125000,-0.317729
407,-37.500000,-0.551610
544,0.000000,-0.034711
478,9.375000,-0.609872
491,46.875000,-0.219992
435,-3.125000,-0.422381
518,15.625000,-0.446000
555,0.000000,-0.465648
496,-31.250000,-0.743727
469,21.875000,-0.199045
481,0.000000,-0.287560
411,46.875000,-0.280023
593,-6.250000,-0.238028
484,18.750000,-0.057296
430,40.625000,-0.377551
590,6.250000,-0.039354
574,34.375000,-0.210295
423,34.375000,-0.186099
473,-31.250000,-0.484903
494,-12.500000,-0.732309
494,0.000000,-0.030771
486,71.875000,-0.347606
421,87.500000,-0.406529
442,-43.750000,-1.401814
454,0.000000,-0.773188
418,-6.250000,-0.703639
451,-56.250000,-0.453521
475,-3.125000,-0.682318
431,6.250000,-1.188035
442,-6.250000,-0.156332
549,-53.125000,-0.701765
528,-12.500000,-0.524260
572,6.250000,-0.300612
524,9.375000,-0.379236
445,-25.000000,-0.570276
466,-6.250000,-0.389383
429,81.250000,-0.502951
453,0.000000,-0.194518
445,0.000000,-0.713242
432,-81.250000,-0.632486
498,-18.750000,-0.631139
409,0.000000,-0.321437
529,-18.750000,-0.811040
435,-50.000000,-0.549940
556,0.000000,-0.012770
421,25.000000,-0.461738
532,28.125000,-0.374033
409,25.000000,-0.625538
593,6.250000,-0.136719
402,0.000000,-0.163906
424,6.250000,-0.593232
472,15.625000,-0.729323
419,-81.250000,-0.854422
520,-6.250000,-0.962002
428,-3.125000,-1.035206
555,0.000000,-0.107022
415,-6.250000,-0.311049
550,0.000000,-0.051925
561,0.000000,-0.208711
413,-18.750000,-0.539738
532,-12.500000,-0.423307
573,0.000000,-0.508092
510,15.625000,-0.063686
599,0.000000,-0.038222
575,-31.250000,-0.563871
497,0.000000,-0.330937
482,3.125000,-0.164989
599,-56.250000,-1.078732
480,59.375000,-0.337105
524,-3.125000,-0.822699
423,78.125000,-0.314970
443,-87.500000,-1.011175
585,6.250000,-0.447239
491,0.000000,-0.065034
423,75.000000,-0.504101
482,0.000000,-0.139142
452,-6.250000,-0.083917
476,50.000000,-0.856514
474,-43.750000,-1.054022
490,-18.750000,-0.613309
543,0.000000,-0.142036
526,12.500000,-0.395198
522,0.000000,-0.143322
401,-15.625000,-0.408912
427,56.250000,-0.474670
407,0.000000,-0.472203
498,-6.250000,-0.058957
561,0.000000,-0.084737
429,-21.875000,-0.664464
443,-18.750000,-0.738178
480,50.000000,-0.123887
494,65.625000,-0.401649
580,-15.625000,-0.488962
514,-12.500000,-0.615317
568,62.500000,-0.343766
520,-9.375000,-0.877813
483,-37.500000,-0.523979
532,-18.750000,-0.739010
431,62.500000,-0.280568
429,0.000000,-0.044734
546,-6.250000,-0.240134
539,-68.750000,-1.405268
566,9.375000,-0.269302
533,3.125000,-0.084448
480,15.625000,-0.830271
417,0.000000,-0.281290
586,-12.500000,-0.612592
479,-3.125000,-0.525728
530,-93.750000,-0.858046
487,18.750000,-0.276876
417,0.000000,-0.051789
587,-18.750000,-0.296381
519,0.000000,-0.055151
429,87.500000,-0.505834
586,-100.000000,-0.578438
484,-93.750000,-0.482900
470,0.000000,-0.438570
427,12.500000,-0.758700
402,-21.875000,-0.831537
571,0.000000,-0.791565
514,-15.625000,-0.361962
472,0.000000,-0.144280
427,-84.375000,-1.167959
438,-9.375000,-0.444975
560,53.125000,-0.236181
448,31.250000,-0.341414
565,6.250000,-0.521428
470,3.125000,-0.701753
597,0.000000,-0.085090
519,-9.375000,-0.461955
536,31.250000,-0.230519
548,-3.125000,-0.525449
441,0.000000,-0.495691
492,-25.000000,-0.668133
493,0.000000,-0.109356
575,25.000000,-0.358530
435,0.000000,-0.825954
422,31.250000,-0.710611
592,12.500000,-0.105019
412,-18.750000,-0.874361
482,-84.375000,-0.893245
537,-3.125000,-0.271814
534,40.625000,-0.230949
442,0.000000,-0.088670
438,-37.500000,-1.443846
426,6.250000,-0.619489
491,-6.250000,-0.484116
514,0.000000,-0.038901
438,50.000000,-0.455543
570,-59.375000,-0.759521
440,43.750000,-0.319290
587,-3.125000,-0.512567
473,-12.500000,-0.266083
437,-56.250000,-0.424821
579,37.500000,-0.403315
439,-9.375000,-0.577378
526,3.125000,-0.366443
475,6.250000,-0.628306
502,6.250000,-0.113893
426,25.000000,-0.265734
441,18.750000,-0.105774
405,0.000000,-0.553354
427,-100.000000,-1.117216
430,-75.000000,-0.537847
496,-81.250000,-1.101471
587,-12.500000,-0.271249
531,-28.125000,-0.387819
471,-6.250000,-0.284242
603,-15.625000,-0.277279
687,0.000000,-0.039304
605,3.125000,-0.410734
661,-6.250000,-0.215216
671,0.000000,-0.107966
620,37.500000,-0.399446
763,28.125000,-0.091071
601,-6.250000,-0.121919
610,-9.375000,-0.546608
662,0.000000,-0.165414
777,6.250000,-0.183705
612,0.000000,-0.025641
625,18.750000,-0.093429
612,-3.125000,-0.348632
682,-56.250000,-1.318598
716,-15.625000,-0.161450
729,-87.500000,-1.161252
732,-28.125000,-0.393651
617,12.500000,-0.060419
742,18.750000,-0.206611
748,-9.375000,-0.839737
726,0.000000,-0.033054
776,25.000000,-0.148045
639,6.250000,-0.629105
629,-18.750000,-0.467121
672,15.625000,-0.387835
610,0.000000,-0.127622
600,-40.625000,-0.823867
711,-43.750000,-0.484152
620,0.000000,-0.107960
679,-12.500000,-0.068133
627,-37.500000,-0.520263
712,-31.250000,-0.573271
767,-6.250000,-0.078038
734,0.000000,-0.131122
727,18.750000,-0.240970
623,3.125000,-0.735282
722,0.000000,-0.035518
605,0.000000,-0.009267
776,-12.500000,-0.530429
725,-31.250000,-1.012427
724,3.125000,-0.175717
668,0.000000,-0.051933
752,9.375000,-0.021762
666,18.750000,-0.112905
607,0.000000,-0.044045
626,6.250000,-0.142718
698,-12.500000,-0.241218
641,-9.375000,-0.673193
648,-81.250000,-0.893647
774,0.000000,-0.042966
766,0.000000,-0.104213
623,0.000000,-0.149649
781,3.125000,-0.474895
639,0.000000,-0.358182
692,15.625000,-0.150390
690,-93.750000,-0.576452
721,-6.250000,-0.102463
712,-6.250000,-0.427614
605,0.000000,-0.056993
703,0.000000,-0.065392
694,-3.125000,-0.343814
786,-6.250000,-0.188254
612,0.000000,-0.132207
624,43.750000,-0.718887
600,0.000000,-0.030999
685,3.125000,-0.199453
765,-43.750000,-0.894141
721,-43.750000,-0.440044
734,0.000000,-0.052285
638,-12.500000,-0.427296
765,3.125000,-0.143474
616,28.125000,-0.676804
630,0.000000,-0.076293
602,0.000000,-0.039997
649,0.000000,-0.135516
639,6.250000,-0.166085
628,6.250000,-0.050859
662,0.000000,-0.040344
715,-12.500000,-0.616329
610,0.000000,-0.345723
621,0.000000,-0.033816
765,25.000000,-0.478871
731,31.250000,-0.612993
766,0.000000,-0.024205
669,12.500000,-0.044018
658,-40.625000,-0.380379
644,-43.750000,-1.191792
779,6.250000,-0.046831
644,-6.250000,-0.287199
672,-6.250000,-0.894289
665,0.000000,-0.467675
717,0.000000,-0.273076
764,15.625000,-0.297799
628,-68.750000,-0.365105
784,-3.125000,-0.785609
774,9.375000,-0.144436
784,6.250000,-0.064861
612,-3.125000,-0.125312
615,0.000000,-0.081646
679,0.000000,-0.295640
772,0.000000,-0.242102
796,-12.500000,-0.037311
758,0.000000,-0.015390
717,21.875000,-1.100824
685,-6.250000,-0.008089
688,-59.375000,-0.604776
638,9.375000,-0.283232
669,3.125000,-0.551562
633,25.000000,-0.471490
779,-28.125000,-0.414044
762,0.000000,-0.104455
752,0.000000,-0.266480
675,-31.250000,-0.102454
625,-6.250000,-0.135123
635,-100.000000,-1.275488
796,-18.750000,-0.561465
722,0.000000,-0.297919
600,0.000000,-0.037543
661,0.000000,-0.015158
623,-9.375000,-0.743432
626,0.000000,-0.099940
715,0.000000,-0.018921
642,0.000000,-0.064232
665,18.750000,-0.188142
635,12.500000,-0.821161
784,0.000000,-0.095107
600,0.000000,-0.120080
664,3.125000,-0.594797
688,0.000000,-0.046791
638,-12.500000,-0.604833
713,-18.750000,-1.014959
793,9.375000,-0.327668
685,0.000000,-0.005318
717,6.250000,-0.025552
617,37.500000,-0.285912
626,3.125000,-0.401613
768,0.000000,-0.030343
639,-87.500000,-0.321031
774,-46.875000,-0.994038
623,-12.500000,-0.576174
723,6.250000,-0.851631
754,-6.250000,-0.048166
779,-87.500000,-0.455265
789,-6.250000,-0.179851
711,3.125000,-0.258354
655,-25.000000,-0.325271
776,-34.375000,-0.298618
691,-21.875000,-0.547966
655,0.000000,-0.078492
605,-28.125000,-0.179719
707,53.125000,-0.569699
684,12.500000,-0.817020
615,-3.125000,-0.111277
645,0.000000,-0.488417
647,0.000000,-0.023212
779,0.000000,-0.032083
748,0.000000,0.014791
798,-37.500000,-0.449275
645,-6.250000,-0.456123
775,0.000000,-0.107761
749,-3.125000,-0.088102
717,0.000000,-0.076170
628,0.000000,-0.117790
610,43.750000,-0.576932
722,3.125000,-0.054699
732,12.500000,-0.339955
612,0.000000,-0.106186
658,0.000000,-0.108437
779,-6.250000,-0.266962
794,0.000000,-0.073707
681,-3.125000,-0.049105
742,-6.250000,-0.161953
656,12.500000,-0.552164
692,-25.000000,-0.876585
629,0.000000,-0.008532
784,-18.750000,-0.413582
724,0.000000,-0.058056
622,12.500000,-0.570837
739,0.000000,-0.008131
711,-6.250000,-0.030754
721,3.125000,-0.556396
777,3.125000,-0.437125
610,-3.125000,-0.272912
634,46.875000,-0.278726
716,-6.250000,-0.018232
611,-15.625000,-0.527448
636,-9.375000,-0.534307
691,3.125000,-0.179680
798,9.375000,-0.066817
619,6.250000,-0.639675
625,-100.000000,-1.302218
775,-43.750000,-0.239219
615,-6.250000,-0.255729
622,9.375000,-0.077956
637,12.500000,-0.509529
734,-6.250000,-0.235834
767,0.000000,-0.014175
735,-50.000000,-0.939007
603,0.000000,-0.269697
677,-40.625000,-0.504895
663,21.875000,-0.562570
634,0.000000,-0.108388
694,0.000000,-0.627957
744,0.000000,-0.039480
738,0.000000,-0.087342
620,-6.250000,-0.004296
630,0.000000,-0.370615
635,12.500000,-1.006362
666,-18.750000,-1.023320
781,-15.625000,-0.081046
736,0.000000,-0.389320
754,6.250000,-0.127812
773,0.000000,-0.019023
641,0.000000,-0.106621
616,18.750000,-0.865536
659,9.375000,-0.784483
635,6.250000,-0.343285
738,3.125000,-0.033420
763,-43.750000,-0.812041
635,3.125000,-0.434018
653,0.000000,-0.034034
662,3.125000,-0.308745
720,-6.250000,-0.298179
623,9.375000,-0.093837
601,12.500000,-0.555466
722,-3.125000,-0.060192
681,6.250000,-0.073043
665,0.000000,-0.030398
713,-18.750000,-0.143540
629,46.875000,-0.570420
606,-6.250000,-0.096103
723,12.500000,-0.446895
772,-6.250000,-0.364616
665,-25.000000,-0.747799
781,0.000000,-0.085675
605,-87.500000,-0.712782
782,0.000000,-0.097098
620,0.000000,-0.024634
602,0.000000,-0.016497
759,0.000000,-0.045830
694,0.000000,-0.042324
781,0.000000,-0.032789
633,0.000000,-0.029518
691,-37.500000,-0.385443
626,-6.250000,-0.427566
668,0.000000,-0.060437
650,0.000000,-0.007641
684,18.750000,-0.128752
688,0.000000,0.016727
625,6.250000,-0.588921
686,0.000000,-0.107881
621,-9.375000,-1.066637
764,0.000000,-0.026747
660,6.250000,-0.158144
744,6.250000,-0.143873
629,37.500000,-0.163152
639,0.000000,-0.058985
622,-12.500000,-0.140273
649,0.000000,-0.091843
723,-3.125000,-0.753111
712,0.000000,-0.034913
683,6.250000,-0.133230
759,0.000000,-0.163592
669,46.875000,-0.527086
792,0.000000,-0.036632
751,0.000000,-0.175041
653,-6.250000,-0.076614
620,65.625000,-0.229755
671,-75.000000,-1.057100
683,-34.375000,-0.505410
684,-6.250000,-0.079831
715,0.000000,-0.017019
670,0.000000,-0.068848
678,-12.500000,-0.508763
715,3.125000,-0.073448
678,-40.625000,-0.581015
781,-9.375000,-0.414696
746,-6.250000,-0.023129
682,21.875000,-0.513830
604,-9.375000,-0.252460
633,0.000000,-0.282815
624,0.000000,-0.021825
638,0.000000,-0.438080
687,-43.750000,-0.521463
631,0.000000,-0.171504
666,-75.000000,-1.092248
724,31.250000,-0.543489
725,0.000000,-0.031227
744,-78.125000,-0.779500
773,-31.250000,-0.441684
686,-6.250000,-0.426662
736,0.000000,-0.026414
639,-78.125000,-0.678586
602,0.000000,-0.262176
624,0.000000,-0.052274
747,0.000000,-0.066819
758,0.000000,-0.165628
688,-6.250000,-0.239182
677,53.125000,-0.195073
621,-37.500000,-1.440253
757,-3.125000,-0.305197
679,-6.250000,-0.464823
644,0.000000,-0.048657
672,-6.250000,-0.237708
792,-12.500000,-0.291485
730,6.250000,-0.058674
623,0.000000,-0.023684
755,9.375000,-0.129702
701,21.875000,-0.379214
686,25.000000,-0.356844
664,0.000000,-0.137835
717,12.500000,-0.208152
724,0.000000,-0.031276
734,-31.250000,-0.336238
732,0.000000,-0.158283
755,9.375000,-0.094684
723,0.000000,-0.026399
616,3.125000,-0.686202
638,0.000000,-0.048378
614,-18.750000,-0.619631
615,0.000000,-0.008824
621,-9.375000,-0.385273
722,0.000000,-0.154351
728,12.500000,-0.431021
653,0.000000,-0.219941
780,-15.625000,-0.116714
626,-34.375000,-0.416344
633,15.625000,-0.519823
606,0.000000,-0.215577
678,0.000000,-0.049285
724,6.250000,-0.427164
692,-6.250000,-0.042181
612,0.000000,-0.029750
622,0.000000,-0.404154
684,6.250000,-0.084276
639,0.000000,-0.022175
724,-3.125000,-0.209235
686,0.000000,-0.212960
639,0.000000,-0.039324
725,3.125000,-0.259999
693,12.500000,-0.146663
769,0.000000,-0.177907
683,-56.250000,-0.691387
761,-3.125000,-0.135065
663,3.125000,-0.011180
703,25.000000,-0.454196
611,0.000000,-0.036337
617,0.000000,-0.024197
625,6.250000,-0.355975
693,0.000000,-0.095084
676,-43.750000,-0.830112
624,-50.000000,-1.036216
749,6.250000,-0.007715
615,21.875000,-0.144230
941,-12.500000,-0.523004
966,0.000000,-0.065766
821,0.000000,-0.063109
802,-12.500000,-0.096132
951,0.000000,-0.260408
817,0.000000,-0.047869
819,-12.500000,-1.123978
869,-6.250000,-0.165191
825,0.000000,-0.539342
833,0.000000,-0.133882
812,-6.250000,-0.485403
814,0.000000,-0.088785
867,0.000000,-0.019525
839,-21.875000,-0.260830
817,0.000000,-0.148751
965,-12.500000,-0.219640
816,0.000000,-0.013744
801,0.000000,-0.021556
809,0.000000,-0.083208
971,9.375000,-0.039198
854,0.000000,-0.028418
891,18.750000,-0.105881
865,0.000000,-0.156311
828,0.000000,-0.028917
992,6.250000,-0.033382
811,0.000000,-0.008049
838,-9.375000,-0.139109
981,0.000000,-0.361517
816,-31.250000,-0.371192
915,9.375000,-0.388833
892,12.500000,-0.419426
801,0.000000,-0.050927
807,0.000000,-0.044670
808,-6.250000,-0.249909
848,0.000000,-0.046434
838,0.000000,-0.075447
975,15.625000,-0.238188
801,0.000000,-0.171000
956,-12.500000,-0.051705
825,0.000000,-0.037278
872,-25.000000,-0.225947
881,0.000000,-0.015901
810,0.000000,-0.038773
841,12.500000,-1.197139
889,0.000000,-0.016126
885,-9.375000,-0.081577
809,9.375000,-0.604633
823,-12.500000,-0.232069
828,0.000000,-0.045668
961,0.000000,-0.059033
875,6.250000,-0.092252
840,3.125000,-0.001674
979,-100.000000,-0.288273
877,-15.625000,-0.450109
854,0.000000,-0.044707
967,-18.750000,-0.045277
821,0.000000,-0.069905
972,12.500000,-0.120772
801,-6.250000,-0.072643
811,9.375000,-0.395774
883,3.125000,-0.353059
841,0.000000,-0.153924
922,0.000000,-0.053166
822,0.000000,-0.022454
865,-21.875000,-0.659760
814,-3.125000,-0.037802
955,0.000000,0.001592
827,-25.000000,-0.587332
870,0.000000,-0.073738
984,-18.750000,-0.256751
835,0.000000,-0.020374
830,15.625000,-0.281599
806,0.000000,-0.066677
882,-3.125000,-0.565373
855,-3.125000,-0.070329
935,-9.375000,-0.231594
970,-3.125000,-0.030843
882,9.375000,-0.091135
911,-3.125000,-0.069816
802,-87.500000,-0.741514
883,15.625000,-0.706619
897,0.000000,-0.005984
807,0.000000,-0.200278
813,-3.125000,-0.379604
826,-9.375000,-0.462138
888,-25.000000,-0.786319
831,-6.250000,-0.060519
843,-12.500000,-0.422871
841,-75.000000,-0.510154
929,25.000000,-0.286481
802,-25.000000,-0.575850
980,0.000000,-0.175069
828,-3.125000,-0.024489
834,-6.250000,-0.011657
929,-3.125000,-0.032524
807,0.000000,-0.474583
802,0.000000,-0.024428
818,-6.250000,-0.041507
848,0.000000,-0.005413
994,0.000000,-0.032406
810,-21.875000,-0.050554
800,0.000000,-0.228252
987,-9.375000,-0.017227
822,3.125000,-0.490117
976,-6.250000,-0.386448
816,-37.500000,-0.364638
841,-3.125000,-0.040120
802,0.000000,-0.459730
876,-9.375000,-0.740316
901,0.000000,-0.044012
850,0.000000,-0.079116
824,0.000000,-0.020493
889,0.000000,-0.047732
953,3.125000,-0.009456
872,0.000000,-0.468468
802,0.000000,-0.011601
982,-6.250000,-0.551575
804,0.000000,-0.003163
835,12.500000,-0.022983
870,6.250000,-0.078117
807,-12.500000,-0.032853
818,0.000000,-0.036771
840,9.375000,-0.376519
819,0.000000,-0.041818
825,0.000000,-0.071348
864,-3.125000,-0.014496
805,15.625000,-0.260721
824,-9.375000,-0.927314
845,0.000000,-0.135093
835,-18.750000,-0.635200
916,3.125000,-0.580115
805,3.125000,-0.030728
939,-25.000000,-0.068157
943,0.000000,-0.104358
824,-25.000000,-0.355665
965,0.000000,-0.008212
826,-25.000000,-0.370145
804,0.000000,0.001473
952,0.000000,-0.652944
839,-9.375000,-0.188828
826,-37.500000,-0.428193
834,-43.750000,-0.429269
970,6.250000,-0.119399
994,-6.250000,-0.556936
942,0.000000,-0.091750
800,0.000000,-0.040873
835,0.000000,-0.020915
801,6.250000,-0.106960
860,0.000000,-0.084637
848,-18.750000,-0.652647
889,12.500000,-0.132138
842,0.000000,-0.072237
801,18.750000,-0.299006
885,-3.125000,-0.158989
876,0.000000,-0.013946
973,-15.625000,-0.210410
804,0.000000,-0.074515
878,-12.500000,-0.070525
824,0.000000,-0.384085
815,0.000000,-0.008166
857,-6.250000,-0.026556
830,0.000000,-0.023250
825,-6.250000,-0.215136
955,34.375000,-0.181497
801,0.000000,-0.136607
836,0.000000,-0.192203
878,-9.375000,-0.110149
822,-6.250000,-0.032687
862,6.250000,-0.037428
839,0.000000,-0.090336
944,0.000000,-0.028205
805,0.000000,-0.015293
807,0.000000,-0.050790
993,3.125000,-0.013274
985,-6.250000,-0.151455
911,-40.625000,-0.301705
939,-6.250000,-0.283132
840,-6.250000,-0.047450
800,0.000000,-0.028045
890,0.000000,-0.033358
830,12.500000,-0.270338
816,-9.375000,-0.339426
910,0.000000,-0.169580
867,6.250000,-0.111359
938,-6.250000,-0.347722
881,0.000000,-0.315063
800,0.000000,-0.006839
948,-18.750000,-0.160551
916,-25.000000,-0.140222
849,0.000000,-0.123524
880,0.000000,-0.031145
837,12.500000,-0.060456
824,-3.125000,-0.434363
946,6.250000,-0.053635
898,12.500000,-0.069437
938,-12.500000,-0.032720
806,0.000000,-0.217795
856,0.000000,-0.034229
839,-9.375000,-0.166686
803,0.000000,-0.013103
828,0.000000,-0.035817
890,-3.125000,-0.055015
837,-3.125000,-0.219753
917,0.000000,0.018169
970,-6.250000,-0.054943
800,0.000000,-0.008843
867,-3.125000,-0.110352
811,0.000000,-0.012940
928,0.000000,-0.034754
972,-12.500000,-0.325933
993,6.250000,-0.189196
826,-25.000000,-0.198880
800,-6.250000,-0.574446
807,3.125000,-0.111201
800,0.000000,-0.093423
830,3.125000,-0.492398
808,0.000000,-0.009868
875,-28.125000,-0.316463
831,-53.125000,-0.638597
940,-3.125000,-0.023443
805,0.000000,-0.047705
941,0.000000,-0.023918
847,3.125000,-0.022985
804,-53.125000,-0.150501
844,-31.250000,-0.412142
821,0.000000,-0.042521
963,-9.375000,-0.198039
817,28.125000,-0.618428
865,-25.000000,-0.587434
955,-21.875000,-0.005826
987,3.125000,-0.041288
814,-9.375000,-0.823856
895,-12.500000,-0.036599
819,3.125000,-0.054785
819,-31.250000,-0.348154
917,0.000000,0.000222
978,-25.000000,-0.931280
826,0.000000,-0.235950
925,-3.125000,-0.299249
808,9.375000,-0.016832
815,-9.375000,-0.143323
998,3.125000,-0.013847
836,9.375000,-0.350262
954,6.250000,-0.246915
876,0.000000,-0.270164
859,6.250000,-0.305207
987,0.000000,-0.019546
825,0.000000,-0.044476
833,28.125000,-0.203757
838,-25.000000,-0.706279
933,0.000000,-0.120144
902,0.000000,-0.034924
885,-21.875000,-0.264352
819,-28.125000,-0.423535
824,0.000000,-0.097599
952,0.000000,-0.028278
801,18.750000,-0.076486
835,0.000000,-0.007534
858,0.000000,-0.014013
896,-6.250000,-0.392477
822,-25.000000,-0.411842
831,28.125000,-0.502395
841,0.000000,-0.098645
932,-12.500000,-0.061970
809,0.000000,-0.369176
820,-6.250000,-0.975421
843,0.000000,-0.011576
873,-21.875000,-1.201846
919,25.000000,-0.155999
954,-3.125000,-0.082749
800,0.000000,-0.045256
876,-9.375000,-0.235289
803,0.000000,-0.159532
972,3.125000,-0.088206
840,0.000000,-0.077254
980,3.125000,-0.055447
839,-6.250000,-0.083877
800,3.125000,-0.019646
824,0.000000,-0.024926
838,0.000000,-0.071399
972,-31.250000,-0.408827
858,0.000000,-0.007844
946,3.125000,-0.601157
854,-6.250000,-0.243809
941,-6.250000,-0.222948
928,0.000000,-0.127804
839,-34.375000,-0.427665
805,-25.000000,-0.596338
824,-15.625000,-0.059461
862,0.000000,-0.022198
889,-6.250000,-0.109306
801,0.000000,-0.007175
959,-3.125000,-0.495004
892,0.000000,-0.125274
813,0.000000,-0.041512
808,-25.000000,-0.178015
801,-12.500000,-0.143482
997,6.250000,-0.096300
831,0.000000,-0.077704
937,0.000000,0.003760
829,-28.125000,-0.500853
862,6.250000,-0.268208
836,-28.125000,-0.341846
834,0.000000,-0.059819
841,3.125000,0.015915
997,0.000000,-0.014120
956,-3.125000,-0.079953
882,-6.250000,-0.058833
984,-15.625000,-0.082270
956,9.375000,-0.502246
941,0.000000,-0.041314
939,-87.500000,-0.420648
802,-6.250000,-0.044208
880,-6.250000,-0.012844
809,0.000000,-0.000320
800,65.625000,-0.417421
813,0.000000,-0.418589
830,-37.500000,-0.254073
818,-56.250000,-0.384034
808,-31.250000,-0.811696
806,18.750000,-0.016767
831,-6.250000,-0.080601
881,-3.125000,-0.403652
905,-6.250000,-0.078188
805,6.250000,-0.018281
821,-3.125000,-0.249482
930,0.000000,-0.013725
912,6.250000,-0.612675
868,15.625000,-0.387602
831,0.000000,-0.061002
902,9.375000,-0.068918
823,-53.125000,-0.720283
981,0.000000,-0.661133
814,-3.125000,-0.054871
887,-6.250000,-0.060479
809,0.000000,-0.020954
1061,-12.500000,-0.218367
1025,3.125000,-0.032193
1010,-25.000000,-0.019250
1026,-3.125000,0.004553
1035,-3.125000,-0.089644
1033,0.000000,-0.076779
1138,18.750000,-0.214767
1011,-12.500000,-0.126274
1030,-37.500000,-0.677158
1103,0.000000,-0.192281
1007,25.000000,-0.040254
1018,0.000000,-0.022046
1053,9.375000,-0.199980
1032,0.000000,-0.173505
1055,-6.250000,-0.044158
1014,-3.125000,-0.148822
1058,0.000000,-0.022147
1106,-18.750000,-0.029615
1154,-15.625000,-0.151535
1036,-6.250000,-0.283348
1012,0.000000,-0.007841
1096,-9.375000,-0.249916
1026,0.000000,-0.009324
1009,0.000000,-0.098979
1142,-3.125000,-0.084024
1074,-15.625000,-0.118624
1051,-6.250000,-0.202217
1149,-34.375000,-0.267003
1133,12.500000,-0.141065
1022,0.000000,-0.044637
1042,-12.500000,-0.179736
1054,-25.000000,-0.334282
1112,-12.500000,-0.277374
1046,-18.750000,-0.427257
1020,-6.250000,-0.025154
1069,-3.125000,-0.058083
1010,0.000000,-0.041232
1077,0.000000,-0.352121
1040,0.000000,-0.047443
1020,0.000000,-0.019632
1075,-15.625000,-0.256870
1014,0.000000,-0.047550
1002,0.000000,-0.050998
1172,0.000000,-0.176821
1009,0.000000,-0.057656
1094,-6.250000,-0.058206
1070,-37.500000,-0.606268
1000,0.000000,-0.060279
1000,-6.250000,-0.015249
1004,6.250000,-0.009092
1084,-12.500000,-0.351061
1163,-25.000000,-0.152545
1016,0.000000,-0.052507
1124,0.000000,-0.140766
1094,-37.500000,-0.763665
1002,-6.250000,-0.462672
1183,-9.375000,-0.123385
1034,-18.750000,-0.345126
1101,0.000000,-0.380387
1019,0.000000,-0.069361
1062,-6.250000,-0.039697
1151,15.625000,-0.004902
1088,-37.500000,-0.381473
1124,-6.250000,-0.074211
1123,3.125000,-0.393606
1181,-34.375000,-0.338239
1009,6.250000,-0.039025
1000,0.000000,-0.064156
1040,0.000000,-0.051995
1010,0.000000,-0.031994
1031,0.000000,-0.002589
1004,0.000000,-0.025267
1085,-18.750000,-0.433958
1098,-6.250000,-0.157836
1000,0.000000,-0.021533
1013,0.000000,-0.172730
1024,-3.125000,-0.174399
1019,-3.125000,-0.041874
1011,6.250000,-0.136336
1032,-50.000000,-0.433694
1032,-12.500000,-0.077587
1027,-34.375000,-0.053180
1100,3.125000,-0.000505
1052,0.000000,-0.111346
1156,3.125000,-0.008087
1071,-34.375000,-0.210713
1024,3.125000,-0.105504
1001,0.000000,-0.071849
1004,-3.125000,-0.079274
1156,-43.750000,-0.195938
1000,-6.250000,-0.012353
1104,31.250000,-0.021034
1049,0.000000,-0.369033
1001,-12.500000,-0.076184
1103,0.000000,-0.021890
1033,6.250000,-0.414993
1053,0.000000,-0.056746
1027,-12.500000,-0.123682
1053,25.000000,-0.367698
1073,-3.125000,-0.241731
1018,9.375000,-0.495282
1029,0.000000,-0.029840
1101,-6.250000,-0.045353
1154,3.125000,-0.107341
1004,15.625000,-0.398390
1082,0.000000,-0.031437
1000,0.000000,-0.241991
1050,-6.250000,-0.179923
1089,-9.375000,-0.189511
1004,0.000000,-0.047403
1047,-3.125000,-0.001307
1087,0.000000,-0.035394
1099,0.000000,-0.242599
1008,0.000000,-0.024149
1018,15.625000,-0.081011
1123,-9.375000,-0.010072
1022,-12.500000,-0.213668
1000,-6.250000,-0.196044
1071,0.000000,-0.027342
1011,0.000000,-0.101974
1011,0.000000,-0.083677
1190,0.000000,-0.227969
1002,6.250000,-0.396025
1116,6.250000,-0.174643
1075,-12.500000,-0.404904
1157,6.250000,-0.050430
1113,-25.000000,-0.325670
1131,-28.125000,-0.252990
1000,0.000000,-0.022497
1000,0.000000,0.000241
1007,-3.125000,-0.157872
1053,0.000000,-0.022062
1083,0.000000,-0.108298
1017,-9.375000,-0.048130
1000,0.000000,-0.213064
1020,0.000000,-0.058181
1007,3.125000,-0.018144
1197,0.000000,-0.044928
1020,-46.875000,-0.229883
1000,-6.250000,-0.203500
1109,-6.250000,-0.059671
1004,0.000000,-0.030013
1013,12.500000,-0.093803
1049,0.000000,-0.023972
1144,-9.375000,-0.162853
1028,3.125000,-0.412801
1085,-9.375000,-0.089786
1028,-3.125000,-0.025686
1012,0.000000,-0.083237
1152,0.000000,-0.059901
1021,-3.125000,-0.004721
1016,6.250000,-0.045198
1046,-15.625000,-0.211114
1067,18.750000,-0.125408
1081,-15.625000,-0.204965
1014,-37.500000,-0.467399
1003,0.000000,-0.008206
1003,6.250000,-0.028437
1017,9.375000,0.009597
1026,-6.250000,-0.034242
1179,0.000000,-0.092654
1006,12.500000,-0.062204
1160,-6.250000,-0.317426
1013,0.000000,-0.106418
1080,-9.375000,-0.067522
1074,0.000000,-0.074951
