match_index,a,b,behavior_a_actions,behavior_a_attack_moves,behavior_a_build_opportunity_steps,behavior_a_builds,behavior_a_completed_games,behavior_a_dithers,behavior_a_expansion_moves,behavior_a_game_length_sum,behavior_a_games_with_build,behavior_a_games_with_build_opportunity,behavior_a_games_with_successful_build,behavior_a_half_moves,behavior_a_moves,behavior_a_moves_after_move,behavior_a_passes,behavior_a_reinforce_moves,behavior_a_successful_builds,behavior_a_terminal_army_margin_sum,behavior_a_terminal_land_margin_sum,behavior_b_actions,behavior_b_attack_moves,behavior_b_build_opportunity_steps,behavior_b_builds,behavior_b_completed_games,behavior_b_dithers,behavior_b_expansion_moves,behavior_b_game_length_sum,behavior_b_games_with_build,behavior_b_games_with_build_opportunity,behavior_b_games_with_successful_build,behavior_b_half_moves,behavior_b_moves,behavior_b_moves_after_move,behavior_b_passes,behavior_b_reinforce_moves,behavior_b_successful_builds,behavior_b_terminal_army_margin_sum,behavior_b_terminal_land_margin_sum,draws,evaluation_seconds,games,losses,paired_score_std,score,score_ci95,wins
0,c10000_greedy,c10000_t0.25,574642.0,103722.0,175179.0,4196.0,1024.0,4959.0,82374.0,574642.0,930.0,1014.0,930.0,19314.0,545326.0,539706.0,25120.0,359230.0,4196.0,-25672.0,-7553.0,574642.0,104186.0,176382.0,4204.0,1024.0,4864.0,82112.0,574642.0,934.0,1017.0,934.0,19301.0,545334.0,539737.0,25104.0,359036.0,4204.0,25672.0,7553.0,17.0,72.66293124109507,1024.0,530.0,0.32316066807520716,0.47412109375,"[0.44612872902342765, 0.5021134584765724]",477.0
1,c10000_greedy,c10000_t0.5,562742.0,100913.0,171880.0,4145.0,1024.0,4995.0,81563.0,562742.0,925.0,1019.0,925.0,18860.0,533457.0,527891.0,25140.0,350981.0,4145.0,11155.0,734.0,562742.0,100336.0,171316.0,4143.0,1024.0,4344.0,82436.0,562742.0,922.0,1020.0,922.0,20359.0,533470.0,527932.0,25129.0,350698.0,4143.0,-11155.0,-734.0,13.0,52.09780213609338,1024.0,504.0,0.3211654726378789,0.50146484375,"[0.47364530401080973, 0.5292843834891903]",507.0
2,c10000_greedy,c10000_t0.75,575913.0,104525.0,177938.0,4253.0,1024.0,4486.0,81762.0,575913.0,919.0,1014.0,919.0,18594.0,546544.0,540879.0,25116.0,360257.0,4252.0,72151.0,17306.0,575913.0,104226.0,171735.0,4250.0,1024.0,3869.0,82725.0,575913.0,924.0,1015.0,924.0,21236.0,546580.0,540954.0,25083.0,359629.0,4250.0,-72151.0,-17306.0,16.0,52.112761087715626,1024.0,445.0,0.3157651114654024,0.5576171875,"[0.5302654301815343, 0.5849689448184657]",563.0
3,c10000_greedy,c10000_t1,555170.0,98529.0,166376.0,4135.0,1024.0,5016.0,81687.0,555170.0,925.0,1018.0,925.0,18910.0,525951.0,520433.0,25084.0,345735.0,4135.0,28189.0,12844.0,555170.0,98299.0,164140.0,4165.0,1024.0,3523.0,82745.0,555170.0,926.0,1019.0,926.0,23158.0,525862.0,520270.0,25143.0,344818.0,4165.0,-28189.0,-12844.0,20.0,52.11673353239894,1024.0,462.0,0.3291464686904087,0.5390625,"[0.5105516417482123, 0.5675733582517877]",542.0
4,c10000_greedy,c12000_greedy,550225.0,96705.0,169734.0,4077.0,1024.0,5807.0,81891.0,550225.0,894.0,1015.0,894.0,19738.0,521028.0,515554.0,25120.0,342432.0,4077.0,-173470.0,-30690.0,550225.0,96417.0,169514.0,4492.0,1024.0,5556.0,79408.0,550225.0,907.0,1015.0,907.0,13961.0,520581.0,514653.0,25152.0,344756.0,4492.0,173470.0,30690.0,13.0,64.64807640016079,1024.0,597.0,0.32543385717953166,0.41064453125,"[0.3824552615631807, 0.4388338009368193]",414.0
5,c10000_greedy,c12000_t0.25,560219.0,99788.0,171435.0,4149.0,1024.0,5844.0,81846.0,560219.0,899.0,1017.0,899.0,20258.0,530971.0,525430.0,25099.0,349337.0,4149.0,-207176.0,-33647.0,560219.0,99802.0,176190.0,4540.0,1024.0,5466.0,79371.0,560219.0,904.0,1009.0,904.0,14377.0,530550.0,524575.0,25129.0,351377.0,4540.0,207176.0,33647.0,14.0,52.1667138338089,1024.0,599.0,0.34885567709020276,0.408203125,"[0.3779850436715764, 0.4384212063284236]",411.0
6,c10000_greedy,c12000_t0.5,572621.0,103606.0,179564.0,4294.0,1024.0,6075.0,82447.0,572621.0,915.0,1017.0,915.0,20477.0,543153.0,537438.0,25174.0,357100.0,4294.0,-198030.0,-34585.0,572621.0,103148.0,179800.0,4744.0,1024.0,5289.0,80158.0,572621.0,933.0,1015.0,933.0,15454.0,542753.0,536583.0,25124.0,359447.0,4744.0,198030.0,34585.0,13.0,52.133258540183306,1024.0,605.0,0.3250702857250195,0.40283203125,"[0.3746742543336948, 0.4309898081663052]",406.0
7,c10000_greedy,c12000_t0.75,578243.0,103938.0,179254.0,4242.0,1024.0,5993.0,82586.0,578243.0,916.0,1016.0,916.0,20859.0,548867.0,543206.0,25134.0,362343.0,4242.0,-220796.0,-34615.0,578243.0,104107.0,182608.0,4683.0,1024.0,4691.0,81100.0,578243.0,923.0,1016.0,923.0,16159.0,548442.0,542321.0,25118.0,363235.0,4683.0,220796.0,34615.0,17.0,52.10725747793913,1024.0,600.0,0.317200586678392,0.40576171875,"[0.37828561973501135, 0.43323781776498865]",407.0
8,c10000_greedy,c12000_t1,567280.0,100533.0,177084.0,4289.0,1024.0,5359.0,82534.0,567280.0,922.0,1014.0,922.0,19407.0,537854.0,532155.0,25137.0,354787.0,4289.0,-140655.0,-23339.0,567280.0,99906.0,176546.0,4769.0,1024.0,4076.0,81212.0,567280.0,926.0,1016.0,926.0,18066.0,537370.0,531158.0,25141.0,356252.0,4769.0,140655.0,23339.0,10.0,52.13617829233408,1024.0,573.0,0.3500782415801939,0.435546875,"[0.40522289442551584, 0.46587085557448416]",441.0
9,c10000_greedy,c14000_greedy,552539.0,96585.0,157430.0,3970.0,1024.0,5540.0,81633.0,552539.0,903.0,1018.0,903.0,18858.0,523303.0,517871.0,25266.0,345085.0,3970.0,-209004.0,-39561.0,552539.0,98166.0,169781.0,4241.0,1024.0,4157.0,78784.0,552539.0,923.0,1020.0,923.0,14633.0,523312.0,517745.0,24986.0,346362.0,4241.0,209004.0,39561.0,12.0,52.16898925602436,1024.0,624.0,0.329094316844651,0.384765625,"[0.35625928417137614, 0.41327196582862386]",388.0
10,c10000_greedy,c14000_t0.25,537790.0,93339.0,152726.0,3903.0,1024.0,4293.0,81374.0,537790.0,908.0,1015.0,908.0,18185.0,508619.0,503260.0,25268.0,333906.0,3903.0,-176434.0,-39434.0,537790.0,94347.0,160048.0,4224.0,1024.0,3671.0,78579.0,537790.0,916.0,1017.0,916.0,14687.0,508608.0,503055.0,24958.0,335682.0,4224.0,176434.0,39434.0,13.0,52.14841827005148,1024.0,623.0,0.3127223070710157,0.38525390625,"[0.3581657184151184, 0.4123420940848816]",388.0
11,c10000_greedy,c14000_t0.5,532467.0,91729.0,149238.0,3793.0,1024.0,4688.0,80726.0,532467.0,903.0,1013.0,903.0,18151.0,503396.0,498142.0,25278.0,330941.0,3793.0,-228483.0,-50847.0,532467.0,93555.0,160413.0,4100.0,1024.0,3266.0,78287.0,532467.0,904.0,1015.0,904.0,15012.0,503418.0,497992.0,24949.0,331576.0,4100.0,228483.0,50847.0,19.0,52.135639030486345,1024.0,658.0,0.30500619373501775,0.34814453125,"[0.3217247176329937, 0.3745643448670063]",347.0
12,c10000_greedy,c14000_t0.75,545671.0,94546.0,158139.0,3862.0,1024.0,5037.0,81109.0,545671.0,902.0,1014.0,902.0,17847.0,516503.0,511198.0,25306.0,340848.0,3861.0,-191795.0,-42351.0,545671.0,95893.0,166532.0,4224.0,1024.0,3283.0,78893.0,545671.0,912.0,1017.0,912.0,15975.0,516494.0,510949.0,24953.0,341708.0,4224.0,191795.0,42351.0,24.0,52.11958223953843,1024.0,628.0,0.3171528563001192,0.375,"[0.34752803541809413, 0.40247196458190587]",372.0
13,c10000_greedy,c14000_t1,539708.0,92643.0,151721.0,3775.0,1024.0,4598.0,80817.0,539708.0,907.0,1015.0,907.0,18457.0,510631.0,505377.0,25302.0,337171.0,3775.0,-201715.0,-42629.0,539708.0,93954.0,160943.0,4067.0,1024.0,2939.0,78843.0,539708.0,920.0,1017.0,920.0,16718.0,510663.0,505262.0,24978.0,337866.0,4067.0,201715.0,42629.0,18.0,52.159400310367346,1024.0,630.0,0.3217369526110778,0.3759765625,"[0.34810752083367547, 0.40384560416632453]",376.0
14,c10000_t0.25,c10000_t0.5,569111.0,102686.0,173666.0,4112.0,1024.0,4943.0,81977.0,569111.0,922.0,1018.0,922.0,19523.0,539859.0,534323.0,25140.0,355196.0,4112.0,37852.0,8567.0,569111.0,102114.0,169942.0,4106.0,1024.0,4566.0,82306.0,569111.0,925.0,1018.0,925.0,20041.0,539842.0,534293.0,25163.0,355422.0,4106.0,-37852.0,-8567.0,15.0,65.36008551344275,1024.0,479.0,0.33980690754413106,0.52490234375,"[0.49546807209423555, 0.5543366154057644]",530.0
15,c10000_t0.25,c10000_t0.75,575561.0,103578.0,174157.0,4209.0,1024.0,4440.0,81985.0,575561.0,940.0,1018.0,940.0,19596.0,546173.0,540534.0,25179.0,360610.0,4209.0,27096.0,6206.0,575561.0,103460.0,172328.0,4170.0,1024.0,4000.0,82782.0,575561.0,935.0,1020.0,935.0,21605.0,546228.0,540618.0,25163.0,359986.0,4170.0,-27096.0,-6206.0,20.0,52.10378563404083,1024.0,483.0,0.33967391678714154,0.5185546875,"[0.4891319355808331, 0.5479774394191669]",521.0
16,c10000_t0.25,c10000_t1,572649.0,102903.0,178283.0,4144.0,1024.0,4666.0,82223.0,572649.0,932.0,1020.0,932.0,19518.0,543439.0,537896.0,25066.0,358313.0,4144.0,26972.0,7010.0,572649.0,103123.0,172537.0,4184.0,1024.0,3817.0,82803.0,572649.0,918.0,1017.0,918.0,23225.0,543353.0,537759.0,25112.0,357427.0,4184.0,-26972.0,-7010.0,14.0,52.08141604810953,1024.0,485.0,0.3245480235853097,0.51953125,"[0.49141871173351165, 0.5476437882664883]",525.0
17,c10000_t0.25,c12000_greedy,567315.0,101384.0,173700.0,4095.0,1024.0,5275.0,82387.0,567315.0,897.0,1019.0,897.0,21116.0,538088.0,532589.0,25132.0,354317.0,4095.0,-248756.0,-43569.0,567315.0,101587.0,176914.0,4559.0,1024.0,5517.0,79965.0,567315.0,913.0,1012.0,913.0,14019.0,537617.0,531613.0,25139.0,356065.0,4559.0,248756.0,43569.0,10.0,65.43526765704155,1024.0,635.0,0.3205981932600583,0.375,"[0.34722959832993305, 0.40277040167006695]",379.0
18,c10000_t0.25,c12000_t0.25,568112.0,102775.0,175765.0,4302.0,1024.0,5251.0,82347.0,568112.0,896.0,1014.0,896.0,20003.0,538715.0,533011.0,25095.0,353593.0,4302.0,-208080.0,-40200.0,568112.0,102686.0,179604.0,4721.0,1024.0,5152.0,79625.0,568112.0,904.0,1015.0,904.0,14495.0,538254.0,532090.0,25137.0,355943.0,4721.0,208080.0,40200.0,18.0,52.15506733581424,1024.0,624.0,0.3343197239485951,0.3818359375,"[0.3528769688736629, 0.4107949061263371]",382.0
19,c10000_t0.25,c12000_t0.5,556978.0,98839.0,171635.0,4095.0,1024.0,4729.0,82087.0,556978.0,906.0,1019.0,906.0,20319.0,527750.0,522241.0,25133.0,346824.0,4095.0,-157144.0,-25028.0,556978.0,98350.0,170909.0,4541.0,1024.0,4322.0,79649.0,556978.0,928.0,1016.0,928.0,14863.0,527260.0,521257.0,25177.0,349261.0,4541.0,157144.0,25028.0,8.0,52.08248107880354,1024.0,582.0,0.3316806524644,0.427734375,"[0.39900400427812044, 0.45646474572187956]",434.0
20,c10000_t0.25,c12000_t0.75,563942.0,99922.0,172000.0,4296.0,1024.0,4815.0,82438.0,563942.0,933.0,1021.0,933.0,20180.0,534499.0,528773.0,25147.0,352139.0,4296.0,-170010.0,-28277.0,563942.0,99585.0,171540.0,4720.0,1024.0,3983.0,80308.0,563942.0,938.0,1019.0,938.0,16478.0,534082.0,527932.0,25140.0,354189.0,4720.0,170010.0,28277.0,10.0,52.093375109136105,1024.0,587.0,0.33292617470265823,0.421875,"[0.39303674141857353, 0.45071325858142647]",427.0
21,c10000_t0.25,c12000_t1,567932.0,101052.0,176077.0,4269.0,1024.0,5173.0,82618.0,567932.0,917.0,1017.0,917.0,19588.0,538568.0,532923.0,25095.0,354898.0,4269.0,-160692.0,-26613.0,567932.0,100220.0,176095.0,4761.0,1024.0,3938.0,80436.0,567932.0,929.0,1016.0,929.0,17612.0,538058.0,531856.0,25113.0,357402.0,4761.0,160692.0,26613.0,6.0,52.094309352338314,1024.0,585.0,0.32114506328028714,0.42578125,"[0.39796347813121596, 0.45359902186878404]",433.0
22,c10000_t0.25,c14000_greedy,545820.0,95595.0,157809.0,3885.0,1024.0,5017.0,81298.0,545820.0,909.0,1017.0,909.0,18848.0,516686.0,511346.0,25249.0,339793.0,3885.0,-264888.0,-54674.0,545820.0,97942.0,167386.0,4172.0,1024.0,3890.0,78446.0,545820.0,918.0,1017.0,918.0,14662.0,516709.0,511224.0,24939.0,340321.0,4172.0,264888.0,54674.0,17.0,52.08800898492336,1024.0,666.0,0.32300717556841696,0.34130859375,"[0.31332952463349817, 0.36928766286650183]",341.0
23,c10000_t0.25,c14000_t0.25,532593.0,92512.0,150743.0,3814.0,1024.0,4601.0,80914.0,532593.0,898.0,1014.0,898.0,18794.0,503586.0,498342.0,25193.0,330160.0,3814.0,-222992.0,-48665.0,532593.0,93743.0,163740.0,4096.0,1024.0,3783.0,78314.0,532593.0,909.0,1013.0,909.0,14826.0,503498.0,498050.0,24999.0,331441.0,4096.0,222992.0,48665.0,15.0,52.06959392875433,1024.0,653.0,0.3392310873710131,0.35498046875,"[0.32559607497200715, 0.38436486252799285]",356.0
24,c10000_t0.25,c14000_t0.5,543190.0,95055.0,155448.0,3887.0,1024.0,4651.0,81744.0,543190.0,907.0,1017.0,907.0,18928.0,514119.0,508789.0,25184.0,337320.0,3887.0,-198965.0,-39860.0,543190.0,96105.0,165456.0,4235.0,1024.0,3685.0,78591.0,543190.0,918.0,1022.0,918.0,15386.0,513999.0,508427.0,24956.0,339303.0,4235.0,198965.0,39860.0,24.0,52.093333430588245,1024.0,618.0,0.32611337979152943,0.384765625,"[0.3565174946699338, 0.4130137553300662]",382.0
25,c10000_t0.25,c14000_t0.75,538693.0,93793.0,152215.0,3901.0,1024.0,4344.0,81022.0,538693.0,908.0,1014.0,908.0,18139.0,509545.0,504201.0,25247.0,334730.0,3901.0,-205877.0,-46390.0,538693.0,95423.0,164628.0,4233.0,1024.0,3027.0,78865.0,538693.0,898.0,1014.0,898.0,15888.0,509503.0,503934.0,24957.0,335215.0,4233.0,205877.0,46390.0,16.0,52.10613102093339,1024.0,648.0,0.3310878114430488,0.359375,"[0.33069598151164986, 0.38805401848835014]",360.0
26,c10000_t0.25,c14000_t1,535125.0,92234.0,154108.0,3844.0,1024.0,4131.0,80650.0,535125.0,910.0,1014.0,910.0,18236.0,506092.0,500820.0,25189.0,333208.0,3844.0,-137035.0,-30438.0,535125.0,93027.0,159502.0,4075.0,1024.0,3225.0,78948.0,535125.0,911.0,1018.0,911.0,17186.0,506097.0,500698.0,24953.0,334122.0,4075.0,137035.0,30438.0,15.0,52.112183690071106,1024.0,596.0,0.335408688888161,0.41064453125,"[0.38159123584824084, 0.43969782665175916]",413.0
27,c10000_t0.5,c10000_t0.75,558389.0,99503.0,169384.0,4154.0,1024.0,4242.0,82289.0,558389.0,920.0,1020.0,920.0,19661.0,529118.0,523551.0,25117.0,347326.0,4154.0,38663.0,9047.0,558389.0,100479.0,167218.0,4141.0,1024.0,3792.0,82503.0,558389.0,917.0,1019.0,917.0,21113.0,529109.0,523543.0,25139.0,346127.0,4141.0,-38663.0,-9047.0,18.0,52.12245888262987,1024.0,479.0,0.33611913055655823,0.5234375,"[0.4943226657283741, 0.552552334271626]",527.0
28,c10000_t0.5,c10000_t1,560664.0,100792.0,173954.0,4277.0,1024.0,3810.0,82308.0,560664.0,921.0,1018.0,921.0,19607.0,531257.0,525558.0,25130.0,348157.0,4277.0,106464.0,18419.0,560664.0,99844.0,166578.0,4282.0,1024.0,3640.0,83463.0,560664.0,932.0,1017.0,932.0,23262.0,531284.0,525585.0,25098.0,347977.0,4282.0,-106464.0,-18419.0,24.0,52.12662351131439,1024.0,447.0,0.3258954428709099,0.5517578125,"[0.5235285599925529, 0.5799870650074471]",553.0
29,c10000_t0.5,c12000_greedy,551288.0,97372.0,165668.0,4144.0,1024.0,3977.0,82290.0,551288.0,907.0,1015.0,907.0,20499.0,522033.0,516497.0,25111.0,342371.0,4144.0,-181316.0,-33339.0,551288.0,97390.0,166704.0,4588.0,1024.0,4448.0,79710.0,551288.0,930.0,1014.0,930.0,13810.0,521578.0,515566.0,25122.0,344478.0,4588.0,181316.0,33339.0,11.0,52.081076584756374,1024.0,603.0,0.3229215483364297,0.40576171875,"[0.37779006671405624, 0.43373337078594376]",410.0
30,c10000_t0.5,c12000_t0.25,563665.0,100544.0,174987.0,4163.0,1024.0,4998.0,82817.0,563665.0,904.0,1016.0,904.0,21718.0,534401.0,528842.0,25101.0,351040.0,4163.0,-230343.0,-38320.0,563665.0,100603.0,176011.0,4618.0,1024.0,5598.0,79966.0,563665.0,907.0,1016.0,907.0,14659.0,533870.0,527798.0,25177.0,353301.0,4618.0,230343.0,38320.0,8.0,52.0871407315135,1024.0,620.0,0.3236299185467207,0.390625,"[0.36259198852509356, 0.41865801147490644]",396.0
31,c10000_t0.5,c12000_t0.5,560262.0,100151.0,172623.0,4148.0,1024.0,4582.0,82520.0,560262.0,914.0,1013.0,914.0,21742.0,530988.0,525427.0,25126.0,348317.0,4148.0,-197335.0,-33073.0,560262.0,99477.0,174128.0,4602.0,1024.0,4616.0,79932.0,560262.0,914.0,1012.0,914.0,14734.0,530590.0,524573.0,25070.0,351181.0,4602.0,197335.0,33073.0,20.0,52.12717662751675,1024.0,598.0,0.3240068965661072,0.40625,"[0.37818433447014493, 0.43431566552985507]",406.0
32,c10000_t0.5,c12000_t0.75,556474.0,99069.0,173622.0,4270.0,1024.0,4289.0,82564.0,556474.0,915.0,1014.0,915.0,20816.0,527045.0,521331.0,25159.0,345412.0,4270.0,-193890.0,-30666.0,556474.0,98776.0,173532.0,4710.0,1024.0,4049.0,80791.0,556474.0,918.0,1012.0,918.0,16114.0,526629.0,520481.0,25135.0,347062.0,4710.0,193890.0,30666.0,20.0,52.10637287795544,1024.0,589.0,0.3173197047275548,0.4150390625,"[0.38755264541042156, 0.44252547958957844]",415.0
