experiment,a,b,wins,losses,draws,games,score,score_ci95_low,score_ci95_high,paired_score_std,evaluation_seconds,behavior_a_actions,behavior_a_attack_moves,behavior_a_build_opportunity_steps,behavior_a_builds,behavior_a_completed_games,behavior_a_dithers,behavior_a_expansion_moves,behavior_a_game_length_sum,behavior_a_games_with_build,behavior_a_games_with_build_opportunity,behavior_a_games_with_successful_build,behavior_a_half_moves,behavior_a_moves,behavior_a_moves_after_move,behavior_a_passes,behavior_a_reinforce_moves,behavior_a_successful_builds,behavior_a_terminal_army_margin_sum,behavior_a_terminal_land_margin_sum,behavior_b_actions,behavior_b_attack_moves,behavior_b_build_opportunity_steps,behavior_b_builds,behavior_b_completed_games,behavior_b_dithers,behavior_b_expansion_moves,behavior_b_game_length_sum,behavior_b_games_with_build,behavior_b_games_with_build_opportunity,behavior_b_games_with_successful_build,behavior_b_half_moves,behavior_b_moves,behavior_b_moves_after_move,behavior_b_passes,behavior_b_reinforce_moves,behavior_b_successful_builds,behavior_b_terminal_army_margin_sum,behavior_b_terminal_land_margin_sum
14k_19k_league,c14000_raw,c14000_ema,455.0,557.0,12.0,1024.0,0.4501953125,0.4219397094110059,0.4784509155889941,0.3261996498080538,72.4263173751533,546860.0,94774.0,161406.0,3958.0,1024.0,3997.0,77716.0,546860.0,881.0,1016.0,881.0,14379.0,517869.0,512546.0,25033.0,345379.0,3958.0,-47234.0,-15522.0,546860.0,95339.0,166461.0,3952.0,1024.0,4178.0,78119.0,546860.0,874.0,1015.0,874.0,16109.0,517723.0,512324.0,25185.0,344265.0,3952.0,47234.0,15522.0
14k_19k_league,c14000_raw,c15000_raw,479.0,531.0,14.0,1024.0,0.474609375,0.4457597047079461,0.5034590452920539,0.3330579183429778,53.37724118120968,562951.0,99368.0,173442.0,4197.0,1024.0,4410.0,79250.0,562951.0,903.0,1016.0,903.0,14872.0,533781.0,528244.0,24973.0,355163.0,4197.0,-43350.0,-8246.0,562951.0,100406.0,166273.0,4312.0,1024.0,4969.0,78911.0,562951.0,899.0,1016.0,899.0,17649.0,533307.0,527477.0,25332.0,353990.0,4311.0,43350.0,8246.0
14k_19k_league,c14000_raw,c15000_ema,436.0,566.0,22.0,1024.0,0.4365234375,0.4075427339265886,0.4655041410734114,0.334570645229656,53.426071751862764,545593.0,93069.0,160339.0,4008.0,1024.0,3997.0,78616.0,545593.0,901.0,1015.0,901.0,14634.0,516520.0,511144.0,25065.0,344835.0,4008.0,-93634.0,-20846.0,545593.0,94658.0,163889.0,4000.0,1024.0,3842.0,78231.0,545593.0,894.0,1011.0,894.0,15944.0,516419.0,510996.0,25174.0,343530.0,4000.0,93634.0,20846.0
14k_19k_league,c14000_raw,c16000_raw,472.0,525.0,27.0,1024.0,0.47412109375,0.44544984199157234,0.5027923455084277,0.3309981476488314,53.463100627064705,528652.0,89121.0,160305.0,3820.0,1024.0,4130.0,77703.0,528652.0,880.0,1017.0,880.0,14266.0,499812.0,494620.0,25020.0,332988.0,3820.0,-44511.0,-9431.0,528652.0,87514.0,160918.0,3972.0,1024.0,5310.0,76423.0,528652.0,872.0,1012.0,871.0,16590.0,499527.0,494140.0,25153.0,335590.0,3971.0,44511.0,9431.0
14k_19k_league,c14000_raw,c16000_ema,439.0,563.0,22.0,1024.0,0.439453125,0.4118818417640003,0.4670244082359997,0.3182994504847412,53.50144756399095,533100.0,90551.0,152670.0,3871.0,1024.0,3774.0,77634.0,533100.0,884.0,1015.0,884.0,14216.0,504213.0,498991.0,25016.0,336028.0,3871.0,-71095.0,-18397.0,533100.0,90469.0,158364.0,3951.0,1024.0,4145.0,77920.0,533100.0,891.0,1013.0,891.0,16746.0,503989.0,498603.0,25160.0,335600.0,3951.0,71095.0,18397.0
14k_19k_league,c14000_raw,c17000_raw,469.0,531.0,24.0,1024.0,0.4697265625,0.4412640576066811,0.4981890673933189,0.3285882484836095,53.52015572041273,531932.0,91604.0,151096.0,4125.0,1024.0,3822.0,77260.0,531932.0,887.0,1014.0,887.0,14637.0,502806.0,497336.0,25001.0,333942.0,4125.0,-32246.0,-8810.0,531932.0,91841.0,156550.0,4133.0,1024.0,4135.0,78565.0,531932.0,904.0,1015.0,904.0,21565.0,502687.0,497168.0,25112.0,332281.0,4133.0,32246.0,8810.0
14k_19k_league,c14000_raw,c17000_ema,393.0,613.0,18.0,1024.0,0.392578125,0.3624435113861262,0.4227127386138738,0.34789207567031233,53.52416713535786,559401.0,95642.0,164409.0,3993.0,1024.0,4922.0,78093.0,559401.0,899.0,1009.0,899.0,14464.0,530412.0,525057.0,24996.0,356677.0,3993.0,-177862.0,-35128.0,559401.0,97890.0,170757.0,4059.0,1024.0,3868.0,78662.0,559401.0,906.0,1012.0,906.0,16858.0,530182.0,524730.0,25160.0,353630.0,4059.0,177862.0,35128.0
14k_19k_league,c14000_raw,c18000_raw,481.0,524.0,19.0,1024.0,0.47900390625,0.45011188458021634,0.5078959279197837,0.33354684807988116,53.500119622796774,554343.0,94519.0,167133.0,4097.0,1024.0,5502.0,78322.0,554343.0,875.0,1017.0,875.0,15399.0,525295.0,519883.0,24951.0,352454.0,4097.0,-85084.0,-8487.0,554343.0,95624.0,164303.0,4191.0,1024.0,6256.0,78626.0,554343.0,891.0,1013.0,891.0,15063.0,524616.0,518871.0,25536.0,350366.0,4191.0,85084.0,8487.0
14k_19k_league,c14000_raw,c18000_ema,407.0,594.0,23.0,1024.0,0.40869140625,0.38071233633503254,0.43667047616496746,0.32300718478638385,53.465175934135914,541511.0,92407.0,155744.0,3986.0,1024.0,4412.0,77038.0,541511.0,884.0,1015.0,884.0,14362.0,512564.0,507250.0,24961.0,343119.0,3986.0,-133813.0,-29253.0,541511.0,93091.0,163185.0,4024.0,1024.0,4144.0,79172.0,541511.0,897.0,1013.0,897.0,16548.0,512214.0,506717.0,25273.0,339951.0,4024.0,133813.0,29253.0
14k_19k_league,c14000_raw,c19000_raw,437.0,580.0,7.0,1024.0,0.43017578125,0.4010364110085526,0.4593151514914474,0.3364023885262521,53.48207431845367,577415.0,98922.0,180739.0,4257.0,1024.0,5475.0,78885.0,577415.0,915.0,1018.0,915.0,14536.0,548123.0,542507.0,25035.0,370316.0,4257.0,-132225.0,-24184.0,577415.0,99608.0,187896.0,4423.0,1024.0,4302.0,80729.0,577415.0,921.0,1015.0,921.0,21684.0,547546.0,541535.0,25446.0,367209.0,4423.0,132225.0,24184.0
14k_19k_league,c14000_raw,c19000_ema,393.0,612.0,19.0,1024.0,0.39306640625,0.36471943537243934,0.42141337712756066,0.32725445442646095,53.5157545376569,541508.0,92601.0,155257.0,3958.0,1024.0,4092.0,77486.0,541508.0,889.0,1012.0,889.0,14115.0,512581.0,507274.0,24969.0,342494.0,3958.0,-168045.0,-37081.0,541508.0,93537.0,162798.0,4054.0,1024.0,3996.0,78893.0,541508.0,899.0,1015.0,899.0,16353.0,512161.0,506617.0,25293.0,339731.0,4054.0,168045.0,37081.0
14k_19k_league,c14000_ema,c15000_raw,510.0,502.0,12.0,1024.0,0.50390625,0.47488002669603946,0.5329324733039605,0.33509615233413037,53.51442918367684,587632.0,103907.0,193293.0,4256.0,1024.0,5142.0,80424.0,587632.0,917.0,1021.0,917.0,16899.0,558341.0,552701.0,25035.0,374010.0,4256.0,-10641.0,1250.0,587632.0,105563.0,185584.0,4513.0,1024.0,5482.0,79801.0,587632.0,916.0,1021.0,916.0,18254.0,557949.0,551988.0,25170.0,372585.0,4513.0,10641.0,-1250.0
14k_19k_league,c14000_ema,c15000_ema,484.0,522.0,18.0,1024.0,0.4814453125,0.45268370197888885,0.5102069230211111,0.3320413034665148,53.505764715373516,567447.0,98976.0,176555.0,4213.0,1024.0,4705.0,79706.0,567447.0,915.0,1018.0,915.0,17096.0,538152.0,532550.0,25082.0,359470.0,4212.0,-33364.0,-6320.0,567447.0,99301.0,181023.0,4188.0,1024.0,4885.0,79518.0,567447.0,918.0,1017.0,918.0,16765.0,538153.0,532579.0,25106.0,359334.0,4188.0,33364.0,6320.0
14k_19k_league,c14000_ema,c16000_raw,524.0,483.0,17.0,1024.0,0.52001953125,0.4905262443492158,0.5495128181507841,0.34048821497183435,53.52007676847279,560739.0,97261.0,186270.0,4162.0,1024.0,4545.0,79895.0,560739.0,900.0,1014.0,900.0,16745.0,531415.0,525857.0,25162.0,354259.0,4161.0,28157.0,6933.0,560739.0,94551.0,181254.0,4381.0,1024.0,6204.0,77721.0,560739.0,887.0,1017.0,887.0,17274.0,531210.0,525423.0,25148.0,358938.0,4381.0,-28157.0,-6933.0
14k_19k_league,c14000_ema,c16000_ema,465.0,544.0,15.0,1024.0,0.46142578125,0.43357616280521977,0.48927539969478023,0.32151271927774766,53.53600777871907,559189.0,96183.0,173459.0,4081.0,1024.0,4476.0,79389.0,559189.0,896.0,1015.0,896.0,16544.0,530045.0,524594.0,25063.0,354473.0,4081.0,-61578.0,-13510.0,559189.0,96824.0,176279.0,4156.0,1024.0,4812.0,78843.0,559189.0,901.0,1016.0,901.0,17525.0,529882.0,524333.0,25151.0,354215.0,4156.0,61578.0,13510.0
14k_19k_league,c14000_ema,c17000_raw,530.0,479.0,15.0,1024.0,0.52490234375,0.49565536929021214,0.5541493182097879,0.33764463624009383,53.53565759584308,556884.0,97047.0,169552.0,4190.0,1024.0,3885.0,79141.0,556884.0,891.0,1017.0,891.0,16139.0,527632.0,522051.0,25062.0,351444.0,4190.0,29945.0,7220.0,556884.0,96787.0,168087.0,4268.0,1024.0,4183.0,79485.0,556884.0,911.0,1017.0,911.0,22149.0,527599.0,521988.0,25017.0,351327.0,4268.0,-29945.0,-7220.0
14k_19k_league,c14000_ema,c17000_ema,451.0,560.0,13.0,1024.0,0.44677734375,0.4177208459482563,0.4758338415517437,0.33544565931665243,53.534648001194,565330.0,97713.0,173535.0,4186.0,1024.0,4207.0,79361.0,565330.0,896.0,1012.0,896.0,16519.0,536018.0,530418.0,25126.0,358944.0,4186.0,-75860.0,-17878.0,565330.0,98570.0,176321.0,4350.0,1024.0,4347.0,79024.0,565330.0,895.0,1013.0,895.0,17608.0,535902.0,530182.0,25078.0,358308.0,4350.0,75860.0,17878.0
14k_19k_league,c14000_ema,c18000_raw,522.0,481.0,21.0,1024.0,0.52001953125,0.4919258678226058,0.5481131946773942,0.3243301211082932,53.53114437311888,580801.0,100751.0,186449.0,4404.0,1024.0,6742.0,79972.0,580801.0,908.0,1019.0,908.0,17484.0,551349.0,545566.0,25048.0,370626.0,4404.0,-33737.0,5026.0,580801.0,101413.0,183875.0,4511.0,1024.0,6286.0,80459.0,580801.0,916.0,1018.0,916.0,15722.0,550874.0,544859.0,25416.0,369002.0,4511.0,33737.0,-5026.0
14k_19k_league,c14000_ema,c18000_ema,445.0,561.0,18.0,1024.0,0.443359375,0.4161601707069722,0.4705585792930278,0.31400394773025625,53.52518214099109,571636.0,99026.0,178807.0,4252.0,1024.0,5639.0,79267.0,571636.0,916.0,1019.0,916.0,16530.0,542314.0,536674.0,25070.0,364021.0,4252.0,-101408.0,-19555.0,571636.0,100637.0,180217.0,4372.0,1024.0,4913.0,80363.0,571636.0,929.0,1019.0,929.0,17620.0,542160.0,536404.0,25104.0,361160.0,4372.0,101408.0,19555.0
14k_19k_league,c14000_ema,c19000_raw,487.0,521.0,16.0,1024.0,0.4833984375,0.45437431044101745,0.5124225645589825,0.33507195202329004,53.53753490932286,590270.0,100781.0,194757.0,4450.0,1024.0,5336.0,80571.0,590270.0,933.0,1020.0,933.0,16887.0,560725.0,554870.0,25095.0,379373.0,4450.0,-79081.0,-7538.0,590270.0,101155.0,193273.0,4706.0,1024.0,4845.0,81567.0,590270.0,939.0,1019.0,939.0,21807.0,560214.0,553958.0,25350.0,377492.0,4706.0,79081.0,7538.0
14k_19k_league,c14000_ema,c19000_ema,448.0,556.0,20.0,1024.0,0.447265625,0.41888809554136675,0.47564315445863325,0.3276072410370712,53.53139211423695,560324.0,97249.0,171840.0,4230.0,1024.0,4765.0,79111.0,560324.0,897.0,1018.0,897.0,16763.0,531029.0,525413.0,25065.0,354669.0,4230.0,-108859.0,-18114.0,560324.0,98524.0,172264.0,4358.0,1024.0,4350.0,79746.0,560324.0,900.0,1017.0,900.0,17017.0,530796.0,525024.0,25170.0,352526.0,4358.0,108859.0,18114.0
14k_19k_league,c15000_raw,c15000_ema,465.0,543.0,16.0,1024.0,0.4619140625,0.43484314816235975,0.48898497683764025,0.31252289144596807,53.528692653402686,567921.0,99603.0,171660.0,4254.0,1024.0,5405.0,79322.0,567921.0,905.0,1020.0,905.0,17631.0,538469.0,532754.0,25198.0,359544.0,4254.0,-39012.0,-12133.0,567921.0,99807.0,183892.0,4111.0,1024.0,4119.0,79652.0,567921.0,910.0,1017.0,910.0,16931.0,538770.0,533295.0,25040.0,359311.0,4111.0,39012.0,12133.0
14k_19k_league,c15000_raw,c16000_raw,531.0,466.0,27.0,1024.0,0.53173828125,0.5024158050934963,0.5610607574065037,0.3385162731664438,53.530397307127714,570278.0,101976.0,183992.0,4288.0,1024.0,5085.0,79536.0,570278.0,889.0,1019.0,889.0,18038.0,540811.0,535074.0,25179.0,359299.0,4288.0,62929.0,9453.0,570278.0,97574.0,187038.0,4338.0,1024.0,5988.0,77826.0,570278.0,881.0,1021.0,881.0,17610.0,540935.0,535247.0,25005.0,365535.0,4338.0,-62929.0,-9453.0
14k_19k_league,c15000_raw,c16000_ema,433.0,574.0,17.0,1024.0,0.43115234375,0.4023431603923548,0.4599615271076452,0.3325905128593889,53.54168473556638,579686.0,103528.0,172063.0,4286.0,1024.0,6959.0,78919.0,579686.0,903.0,1012.0,903.0,17997.0,550193.0,544443.0,25207.0,367746.0,4286.0,-51249.0,-19827.0,579686.0,102163.0,186105.0,4160.0,1024.0,6503.0,79418.0,579686.0,902.0,1018.0,902.0,17738.0,550456.0,544921.0,25070.0,368875.0,4160.0,51249.0,19827.0
14k_19k_league,c15000_raw,c17000_raw,508.0,495.0,21.0,1024.0,0.50634765625,0.4776898855288881,0.5350054269711119,0.330842514458572,53.561332983896136,570762.0,102840.0,172160.0,4578.0,1024.0,4406.0,78838.0,570762.0,894.0,1021.0,894.0,17382.0,541054.0,535055.0,25130.0,359376.0,4578.0,31211.0,3165.0,570762.0,101703.0,181671.0,4409.0,1024.0,4354.0,79810.0,570762.0,897.0,1022.0,897.0,22529.0,541363.0,535647.0,24990.0,359850.0,4409.0,-31211.0,-3165.0
14k_19k_league,c15000_raw,c17000_ema,454.0,553.0,17.0,1024.0,0.45166015625,0.42304736399360404,0.48027294850639596,0.33032325605191065,53.53539426997304,572281.0,102748.0,170879.0,4271.0,1024.0,5106.0,78967.0,572281.0,882.0,1021.0,882.0,17534.0,542842.0,537109.0,25168.0,361127.0,4271.0,-47231.0,-14938.0,572281.0,102034.0,184898.0,4242.0,1024.0,4606.0,79087.0,572281.0,895.0,1019.0,895.0,17226.0,543033.0,537456.0,25006.0,361912.0,4242.0,47231.0,14938.0
14k_19k_league,c15000_raw,c18000_raw,525.0,468.0,31.0,1024.0,0.52783203125,0.49956063685594815,0.5561034256440519,0.32638195411646415,53.522583432495594,590625.0,104728.0,184079.0,4585.0,1024.0,6661.0,79112.0,590625.0,887.0,1017.0,887.0,18619.0,560878.0,554841.0,25162.0,377038.0,4585.0,36228.0,9355.0,590625.0,102864.0,188097.0,4511.0,1024.0,5871.0,80167.0,590625.0,898.0,1018.0,898.0,15285.0,560713.0,554701.0,25401.0,377682.0,4511.0,-36228.0,-9355.0
14k_19k_league,c15000_raw,c18000_ema,411.0,597.0,16.0,1024.0,0.4091796875,0.38084720283337636,0.43751217216662364,0.3270872169083012,53.52605791203678,583068.0,103644.0,178065.0,4410.0,1024.0,5194.0,79293.0,583068.0,901.0,1018.0,901.0,18066.0,553488.0,547623.0,25170.0,370551.0,4410.0,-116041.0,-28972.0,583068.0,103813.0,189755.0,4406.0,1024.0,4608.0,80435.0,583068.0,905.0,1017.0,905.0,17590.0,553595.0,547810.0,25067.0,369347.0,4406.0,116041.0,28972.0
14k_19k_league,c15000_raw,c19000_raw,474.0,535.0,15.0,1024.0,0.47021484375,0.442153545448659,0.498276142051341,0.32395647865757987,53.53923589363694,608296.0,107736.0,195334.0,4781.0,1024.0,6457.0,80114.0,608296.0,927.0,1021.0,927.0,18003.0,578387.0,572174.0,25128.0,390537.0,4781.0,-61167.0,-10588.0,608296.0,106376.0,208376.0,4746.0,1024.0,5246.0,82113.0,608296.0,938.0,1020.0,938.0,22409.0,578263.0,571999.0,25287.0,389774.0,4746.0,61167.0,10588.0
14k_19k_league,c15000_raw,c19000_ema,429.0,581.0,14.0,1024.0,0.42578125,0.39705635964361286,0.45450614035638714,0.3316173838341454,53.54645976610482,578277.0,102010.0,173834.0,4446.0,1024.0,5066.0,79099.0,578277.0,904.0,1021.0,904.0,17730.0,548665.0,542768.0,25166.0,367556.0,4446.0,-88086.0,-23732.0,578277.0,101983.0,187753.0,4416.0,1024.0,4012.0,80582.0,578277.0,910.0,1018.0,910.0,17275.0,548700.0,542859.0,25161.0,366135.0,4416.0,88086.0,23732.0
14k_19k_league,c15000_ema,c16000_raw,541.0,460.0,23.0,1024.0,0.53955078125,0.5117114422943337,0.5673901202056663,0.3213940466824888,53.5318248141557,544583.0,93079.0,174831.0,3844.0,1024.0,3809.0,78442.0,544583.0,891.0,1016.0,891.0,16414.0,515654.0,510433.0,25085.0,344133.0,3844.0,33383.0,11352.0,544583.0,90394.0,169785.0,4064.0,1024.0,5138.0,76325.0,544583.0,884.0,1021.0,884.0,16535.0,515403.0,509916.0,25116.0,348684.0,4064.0,-33383.0,-11352.0
14k_19k_league,c15000_ema,c16000_ema,480.0,524.0,20.0,1024.0,0.478515625,0.45005752064175775,0.5069737293582423,0.328537446064123,53.53277554735541,572000.0,99173.0,179072.0,4134.0,1024.0,4405.0,79009.0,572000.0,901.0,1018.0,901.0,16606.0,542760.0,537220.0,25106.0,364578.0,4134.0,-66277.0,-8234.0,572000.0,99431.0,177801.0,4204.0,1024.0,3971.0,78681.0,572000.0,896.0,1019.0,896.0,17200.0,542662.0,537057.0,25134.0,364550.0,4204.0,66277.0,8234.0
14k_19k_league,c15000_ema,c17000_raw,551.0,458.0,15.0,1024.0,0.54541015625,0.5164434367622913,0.5743768757377087,0.3344092045467316,53.54376235418022,551481.0,96630.0,169185.0,4198.0,1024.0,3704.0,78872.0,551481.0,894.0,1016.0,894.0,16455.0,522268.0,516719.0,25015.0,346766.0,4198.0,47904.0,13422.0,551481.0,95672.0,165235.0,4185.0,1024.0,4312.0,79291.0,551481.0,906.0,1017.0,906.0,21756.0,522263.0,516728.0,25033.0,347300.0,4185.0,-47904.0,-13422.0
14k_19k_league,c15000_ema,c17000_ema,478.0,528.0,18.0,1024.0,0.4755859375,0.44849811235113146,0.5026737626488685,0.31271812000588517,53.548564886674285,546067.0,94153.0,165710.0,4023.0,1024.0,3990.0,78218.0,546067.0,898.0,1018.0,898.0,16420.0,516997.0,511604.0,25047.0,344626.0,4023.0,-29450.0,-7650.0,546067.0,94340.0,168196.0,4184.0,1024.0,4271.0,78635.0,546067.0,907.0,1018.0,907.0,17459.0,516816.0,511266.0,25067.0,343841.0,4184.0,29450.0,7650.0
14k_19k_league,c15000_ema,c18000_raw,532.0,480.0,12.0,1024.0,0.525390625,0.4974112674082687,0.5533699825917313,0.32301050589969804,53.53615377098322,574573.0,100113.0,180878.0,4252.0,1024.0,5039.0,79618.0,574573.0,898.0,1017.0,898.0,17287.0,545294.0,539690.0,25027.0,365563.0,4252.0,-2386.0,7221.0,574573.0,99414.0,177158.0,4394.0,1024.0,5574.0,80189.0,574573.0,911.0,1020.0,911.0,15547.0,544777.0,538874.0,25402.0,365174.0,4394.0,2386.0,-7221.0
14k_19k_league,c15000_ema,c18000_ema,482.0,526.0,16.0,1024.0,0.478515625,0.44935805781939847,0.5076731921806016,0.3366124649192762,53.53793814405799,562076.0,96871.0,172954.0,4013.0,1024.0,4447.0,78679.0,562076.0,908.0,1019.0,908.0,16655.0,533004.0,527613.0,25059.0,357454.0,4013.0,-54824.0,-7309.0,562076.0,97222.0,173092.0,4132.0,1024.0,4455.0,80101.0,562076.0,912.0,1020.0,912.0,17212.0,532840.0,527312.0,25104.0,355517.0,4132.0,54824.0,7309.0
14k_19k_league,c15000_ema,c19000_raw,513.0,503.0,8.0,1024.0,0.5048828125,0.47592087983813897,0.5338447451618611,0.3343539425546139,53.514854446053505,587799.0,101544.0,191734.0,4314.0,1024.0,4824.0,80208.0,587799.0,933.0,1019.0,933.0,16902.0,558343.0,552609.0,25142.0,376591.0,4314.0,-49530.0,-900.0,587799.0,100314.0,192477.0,4475.0,1024.0,4454.0,81612.0,587799.0,933.0,1018.0,933.0,21797.0,557983.0,551959.0,25341.0,376057.0,4475.0,49530.0,900.0
14k_19k_league,c15000_ema,c19000_ema,465.0,548.0,11.0,1024.0,0.45947265625,0.43048321976450193,0.48846209273549807,0.3346714632109779,53.46187338232994,560135.0,96644.0,171119.0,4179.0,1024.0,4574.0,78977.0,560135.0,902.0,1021.0,902.0,16785.0,530921.0,525376.0,25035.0,355300.0,4179.0,-62391.0,-12964.0,560135.0,97171.0,171522.0,4265.0,1024.0,4366.0,79750.0,560135.0,918.0,1022.0,918.0,17177.0,530676.0,524957.0,25194.0,353755.0,4265.0,62391.0,12964.0
14k_19k_league,c16000_raw,c16000_ema,433.0,568.0,23.0,1024.0,0.43408203125,0.40541252713288295,0.46275153536711705,0.3309779718280672,53.48617068864405,545037.0,90972.0,170431.0,4150.0,1024.0,5521.0,77328.0,545037.0,878.0,1021.0,878.0,16811.0,515789.0,510236.0,25098.0,347489.0,4150.0,-108815.0,-20548.0,545037.0,94541.0,173388.0,4059.0,1024.0,4167.0,78252.0,545037.0,877.0,1017.0,877.0,17121.0,515890.0,510443.0,25088.0,343097.0,4059.0,108815.0,20548.0
14k_19k_league,c16000_raw,c17000_raw,477.0,521.0,26.0,1024.0,0.478515625,0.45012196207927324,0.5069092879207268,0.3277934954117702,53.531335612758994,540939.0,91675.0,165883.0,4189.0,1024.0,5597.0,76640.0,540939.0,854.0,1019.0,854.0,16633.0,511707.0,506141.0,25043.0,343392.0,4189.0,-28454.0,-6063.0,540939.0,93790.0,169380.0,4023.0,1024.0,4614.0,78922.0,540939.0,871.0,1020.0,871.0,21239.0,511938.0,506579.0,24978.0,339226.0,4023.0,28454.0,6063.0
14k_19k_league,c16000_raw,c17000_ema,428.0,570.0,26.0,1024.0,0.4306640625,0.4028505349133414,0.4584775900866586,0.3210960647387006,53.55091808363795,542351.0,90561.0,161285.0,4146.0,1024.0,6024.0,76512.0,542351.0,888.0,1021.0,888.0,17451.0,513110.0,507570.0,25095.0,346037.0,4146.0,-104250.0,-22771.0,542351.0,93231.0,170241.0,4071.0,1024.0,4048.0,78416.0,542351.0,885.0,1021.0,885.0,16621.0,513238.0,507827.0,25042.0,341591.0,4071.0,104250.0,22771.0
14k_19k_league,c16000_raw,c18000_raw,503.0,491.0,30.0,1024.0,0.505859375,0.4766782584484186,0.5350404915515814,0.3368843329994813,53.562110556289554,574798.0,97490.0,184287.0,4384.0,1024.0,8117.0,77178.0,574798.0,885.0,1019.0,884.0,17619.0,545410.0,539664.0,25004.0,370742.0,4383.0,-30993.0,2473.0,574798.0,100413.0,184620.0,4226.0,1024.0,6486.0,79499.0,574798.0,898.0,1019.0,898.0,15005.0,545112.0,539376.0,25460.0,365200.0,4226.0,30993.0,-2473.0
14k_19k_league,c16000_raw,c18000_ema,418.0,586.0,20.0,1024.0,0.41796875,0.3893077024773288,0.4466297975226712,0.33088034382352177,53.5276439525187,544216.0,90031.0,164417.0,4199.0,1024.0,5653.0,76809.0,544216.0,885.0,1021.0,885.0,16789.0,514965.0,509396.0,25052.0,348125.0,4199.0,-113522.0,-24510.0,544216.0,94219.0,172050.0,4098.0,1024.0,3649.0,78951.0,544216.0,890.0,1018.0,890.0,16162.0,514963.0,509450.0,25155.0,341793.0,4098.0,113522.0,24510.0
14k_19k_league,c16000_raw,c19000_raw,468.0,536.0,20.0,1024.0,0.466796875,0.43874804244946386,0.49484570755053614,0.3238125665444913,53.537902100011706,582931.0,97274.0,188563.0,4464.0,1024.0,6750.0,78379.0,582931.0,915.0,1021.0,915.0,17450.0,553438.0,547598.0,25029.0,377785.0,4464.0,-88381.0,-12514.0,582931.0,99197.0,194721.0,4465.0,1024.0,4460.0,81307.0,582931.0,925.0,1019.0,925.0,21693.0,553184.0,547174.0,25282.0,372680.0,4465.0,88381.0,12514.0
14k_19k_league,c16000_raw,c19000_ema,425.0,582.0,17.0,1024.0,0.42333984375,0.3951950306638262,0.4514846568361738,0.32492062348508327,53.536434940993786,550647.0,91299.0,166010.0,4275.0,1024.0,4830.0,77201.0,550647.0,899.0,1018.0,899.0,16761.0,521317.0,515662.0,25055.0,352817.0,4275.0,-142682.0,-25655.0,550647.0,95537.0,173576.0,4168.0,1024.0,3551.0,79757.0,550647.0,903.0,1018.0,903.0,16561.0,521357.0,515765.0,25122.0,346063.0,4168.0,142682.0,25655.0
14k_19k_league,c16000_ema,c17000_raw,552.0,454.0,18.0,1024.0,0.5478515625,0.5204256088218646,0.5752775161781354,0.3166216787970236,53.54543673619628,556404.0,96400.0,168413.0,4088.0,1024.0,4667.0,78552.0,556404.0,896.0,1022.0,896.0,16893.0,527248.0,521798.0,25068.0,352296.0,4088.0,74505.0,15607.0,556404.0,95845.0,165656.0,4101.0,1024.0,4782.0,78939.0,556404.0,892.0,1021.0,892.0,21891.0,527269.0,521820.0,25034.0,352485.0,4101.0,-74505.0,-15607.0
14k_19k_league,c16000_ema,c17000_ema,492.0,504.0,28.0,1024.0,0.494140625,0.4658519933697412,0.5224292566302589,0.3265809511223553,53.54781584814191,562115.0,96130.0,172159.0,4092.0,1024.0,4585.0,78725.0,562115.0,900.0,1015.0,899.0,17162.0,532932.0,527452.0,25091.0,358077.0,4090.0,-4247.0,-1238.0,562115.0,96764.0,170025.0,4188.0,1024.0,4384.0,78509.0,562115.0,910.0,1016.0,910.0,17041.0,532820.0,527258.0,25107.0,357547.0,4188.0,4247.0,1238.0
14k_19k_league,c16000_ema,c18000_raw,556.0,457.0,11.0,1024.0,0.54833984375,0.520146258296782,0.576533429203218,0.3254836809784965,53.54348210990429,569913.0,98168.0,177276.0,4354.0,1024.0,5516.0,79632.0,569913.0,905.0,1019.0,905.0,18151.0,540538.0,534840.0,25021.0,362738.0,4354.0,16828.0,14146.0,569913.0,97555.0,169513.0,4463.0,1024.0,5307.0,79838.0,569913.0,916.0,1018.0,916.0,15325.0,540014.0,534039.0,25436.0,362621.0,4463.0,-16828.0,-14146.0
14k_19k_league,c16000_ema,c18000_ema,492.0,518.0,14.0,1024.0,0.4873046875,0.4576416641963146,0.5169677108036854,0.34244775393519294,53.55135755799711,562932.0,97347.0,171957.0,4149.0,1024.0,4558.0,78603.0,562932.0,893.0,1016.0,893.0,17437.0,533671.0,528128.0,25112.0,357721.0,4149.0,5870.0,-3785.0,562932.0,97707.0,170398.0,4168.0,1024.0,4496.0,79420.0,562932.0,901.0,1015.0,901.0,17102.0,533575.0,527976.0,25189.0,356448.0,4167.0,-5870.0,3785.0
14k_19k_league,c16000_ema,c19000_raw,513.0,500.0,11.0,1024.0,0.50634765625,0.4774670301869416,0.5352282823130584,0.33341529035267814,53.54674139805138,583706.0,100200.0,188627.0,4411.0,1024.0,5722.0,79962.0,583706.0,926.0,1019.0,926.0,17792.0,554213.0,548424.0,25082.0,374051.0,4411.0,-2807.0,509.0,583706.0,99629.0,188132.0,4508.0,1024.0,5251.0,81410.0,583706.0,929.0,1019.0,929.0,22271.0,553803.0,547725.0,25395.0,372764.0,4508.0,2807.0,-509.0
14k_19k_league,c16000_ema,c19000_ema,468.0,547.0,9.0,1024.0,0.46142578125,0.4324479471731949,0.4904036153268051,0.3345375180376739,53.52258822694421,560851.0,95469.0,169389.0,4136.0,1024.0,4920.0,78711.0,560851.0,906.0,1020.0,905.0,17175.0,531632.0,526115.0,25083.0,357452.0,4135.0,-84312.0,-13369.0,560851.0,96824.0,170491.0,4166.0,1024.0,4268.0,79745.0,560851.0,902.0,1017.0,902.0,17280.0,531473.0,525848.0,25212.0,354904.0,4166.0,84312.0,13369.0
14k_19k_league,c17000_raw,c17000_ema,451.0,552.0,21.0,1024.0,0.45068359375,0.4227311345122541,0.4786360529877459,0.3226999751485826,53.490499291568995,553071.0,97012.0,162812.0,4265.0,1024.0,4317.0,79173.0,553071.0,905.0,1019.0,905.0,21832.0,523746.0,518123.0,25060.0,347561.0,4265.0,-54166.0,-13444.0,553071.0,97002.0,165362.0,4330.0,1024.0,4190.0,78780.0,553071.0,907.0,1019.0,907.0,16846.0,523741.0,518069.0,25000.0,347959.0,4330.0,54166.0,13444.0
14k_19k_league,c17000_raw,c18000_raw,503.0,501.0,20.0,1024.0,0.5009765625,0.4721702048549499,0.52978292014505,0.33255789113632395,53.49708014912903,565495.0,97945.0,174702.0,4326.0,1024.0,5004.0,79346.0,565495.0,886.0,1019.0,886.0,22730.0,536172.0,530516.0,24997.0,358881.0,4326.0,-9264.0,50.0,565495.0,97785.0,169856.0,4411.0,1024.0,5346.0,79303.0,565495.0,906.0,1019.0,906.0,15299.0,535795.0,529933.0,25289.0,358707.0,4411.0,9264.0,-50.0
14k_19k_league,c17000_raw,c18000_ema,414.0,588.0,22.0,1024.0,0.4150390625,0.38679663120310454,0.44328149379689546,0.3260475867302849,53.53883204050362,560199.0,97333.0,164938.0,4286.0,1024.0,4843.0,78846.0,560199.0,900.0,1019.0,900.0,21846.0,530897.0,525276.0,25016.0,354718.0,4286.0,-118373.0,-26694.0,560199.0,99068.0,170254.0,4311.0,1024.0,3619.0,79039.0,560199.0,897.0,1019.0,897.0,16597.0,530816.0,525121.0,25072.0,352709.0,4311.0,118373.0,26694.0
14k_19k_league,c17000_raw,c19000_raw,483.0,521.0,20.0,1024.0,0.4814453125,0.4523985132822038,0.5104921117177962,0.3353336930394741,53.53620055317879,583997.0,101741.0,183592.0,4537.0,1024.0,4827.0,80076.0,583997.0,929.0,1016.0,929.0,21917.0,554457.0,548590.0,25003.0,372640.0,4537.0,-47259.0,-7469.0,583997.0,101164.0,187588.0,4675.0,1024.0,4804.0,81003.0,583997.0,930.0,1016.0,930.0,20943.0,554035.0,547848.0,25287.0,371868.0,4675.0,47259.0,7469.0
14k_19k_league,c17000_raw,c19000_ema,414.0,592.0,18.0,1024.0,0.4130859375,0.3846294667398506,0.4415424082601494,0.32851858682674845,53.542640551924706,558210.0,96190.0,164703.0,4167.0,1024.0,4442.0,78665.0,558210.0,905.0,1018.0,905.0,21922.0,529048.0,523548.0,24995.0,354193.0,4167.0,-145374.0,-30643.0,558210.0,97856.0,166505.0,4303.0,1024.0,3747.0,79423.0,558210.0,898.0,1015.0,898.0,16362.0,528808.0,523108.0,25099.0,351529.0,4303.0,145374.0,30643.0
14k_19k_league,c17000_ema,c18000_raw,570.0,425.0,29.0,1024.0,0.57080078125,0.5425410318739942,0.5990605306260058,0.3262475170352005,53.55002910643816,575568.0,100056.0,179391.0,4434.0,1024.0,5250.0,79183.0,575568.0,897.0,1019.0,897.0,18040.0,546107.0,540332.0,25027.0,366868.0,4434.0,58262.0,20890.0,575568.0,99257.0,175246.0,4401.0,1024.0,5186.0,79463.0,575568.0,896.0,1017.0,896.0,15059.0,545860.0,539994.0,25307.0,367140.0,4401.0,-58262.0,-20890.0
14k_19k_league,c17000_ema,c18000_ema,480.0,531.0,13.0,1024.0,0.47509765625,0.4476937909080847,0.5025015215919153,0.31636667777945016,53.540997656062245,570609.0,98781.0,175975.0,4328.0,1024.0,4667.0,78823.0,570609.0,905.0,1019.0,905.0,17110.0,541205.0,535509.0,25076.0,363601.0,4328.0,-64448.0,-9464.0,570609.0,100406.0,174291.0,4379.0,1024.0,3735.0,79501.0,570609.0,910.0,1018.0,910.0,16762.0,541082.0,535291.0,25148.0,361175.0,4379.0,64448.0,9464.0
14k_19k_league,c17000_ema,c19000_raw,540.0,475.0,9.0,1024.0,0.53173828125,0.5025096625537491,0.5609668999462509,0.3374327262830193,53.56059872545302,597876.0,103759.0,195608.0,4601.0,1024.0,4679.0,80062.0,597876.0,929.0,1018.0,929.0,18065.0,568218.0,562258.0,25057.0,384397.0,4601.0,-1645.0,9244.0,597876.0,102576.0,192533.0,4605.0,1024.0,4815.0,81646.0,597876.0,929.0,1015.0,929.0,21530.0,567921.0,561771.0,25350.0,383699.0,4605.0,1645.0,-9244.0
14k_19k_league,c17000_ema,c19000_ema,463.0,544.0,17.0,1024.0,0.46044921875,0.4323153398961115,0.4885830976038885,0.3247943921414758,53.53125126846135,577020.0,100811.0,175200.0,4526.0,1024.0,4434.0,79503.0,577020.0,926.0,1019.0,926.0,17288.0,547427.0,541543.0,25067.0,367113.0,4526.0,-68172.0,-11967.0,577020.0,102143.0,177198.0,4501.0,1024.0,3568.0,80211.0,577020.0,911.0,1017.0,911.0,16647.0,547310.0,541336.0,25209.0,364956.0,4501.0,68172.0,11967.0
14k_19k_league,c18000_raw,c18000_ema,427.0,574.0,23.0,1024.0,0.42822265625,0.39930835326994524,0.45713695923005476,0.33380407690578173,53.515234461054206,586688.0,101802.0,180540.0,4527.0,1024.0,5907.0,80076.0,586688.0,912.0,1015.0,912.0,15054.0,556756.0,550736.0,25405.0,374878.0,4527.0,-79169.0,-22958.0,586688.0,104105.0,184048.0,4561.0,1024.0,5125.0,79906.0,586688.0,913.0,1012.0,913.0,18019.0,557060.0,551127.0,25067.0,373049.0,4561.0,79169.0,22958.0
14k_19k_league,c18000_raw,c19000_raw,472.0,539.0,13.0,1024.0,0.46728515625,0.43941216715847636,0.49515814534152364,0.32178252405804164,53.53023740462959,596063.0,102327.0,191494.0,4739.0,1024.0,5871.0,80604.0,596063.0,938.0,1016.0,938.0,15749.0,565884.0,559646.0,25440.0,382953.0,4739.0,-31051.0,-10276.0,596063.0,101584.0,194567.0,4760.0,1024.0,5374.0,81595.0,596063.0,915.0,1017.0,915.0,22085.0,566029.0,559751.0,25274.0,382850.0,4760.0,31051.0,10276.0
14k_19k_league,c18000_raw,c19000_ema,410.0,590.0,24.0,1024.0,0.412109375,0.38533440507842687,0.43888434492157313,0.30910633138955457,53.513640930876136,583010.0,100092.0,175368.0,4514.0,1024.0,5513.0,80026.0,583010.0,905.0,1015.0,905.0,15256.0,553105.0,547102.0,25391.0,372987.0,4514.0,-124450.0,-27241.0,583010.0,101982.0,184166.0,4513.0,1024.0,4586.0,80458.0,583010.0,903.0,1013.0,903.0,17615.0,553353.0,547405.0,25144.0,370913.0,4513.0,124450.0,27241.0
14k_19k_league,c18000_ema,c19000_raw,532.0,480.0,12.0,1024.0,0.525390625,0.4963195707530078,0.5544616792469922,0.33561370766188015,53.51785833761096,598000.0,103637.0,194025.0,4599.0,1024.0,4560.0,80488.0,598000.0,933.0,1011.0,933.0,17166.0,568277.0,562272.0,25124.0,384152.0,4599.0,-1931.0,6069.0,598000.0,102427.0,194652.0,4649.0,1024.0,4232.0,81222.0,598000.0,931.0,1011.0,931.0,21278.0,568010.0,561811.0,25341.0,384361.0,4649.0,1931.0,-6069.0
14k_19k_league,c18000_ema,c19000_ema,498.0,506.0,20.0,1024.0,0.49609375,0.4679975069349785,0.5241899930650215,0.3243599019941585,53.512066166847944,562354.0,97548.0,171640.0,4244.0,1024.0,4221.0,79490.0,562354.0,904.0,1016.0,904.0,16633.0,532992.0,527366.0,25118.0,355954.0,4244.0,12543.0,-802.0,562354.0,97784.0,174201.0,4237.0,1024.0,3858.0,79436.0,562354.0,910.0,1013.0,910.0,17385.0,532904.0,527216.0,25213.0,355684.0,4237.0,-12543.0,802.0
14k_19k_league,c19000_raw,c19000_ema,436.0,572.0,16.0,1024.0,0.43359375,0.4049486844825101,0.4622388155174899,0.3306958379583682,53.52951600961387,586466.0,98749.0,186014.0,4575.0,1024.0,4430.0,81044.0,586466.0,936.0,1018.0,936.0,21547.0,556538.0,550410.0,25353.0,376745.0,4575.0,-77625.0,-21305.0,586466.0,99924.0,189752.0,4547.0,1024.0,4270.0,81098.0,586466.0,927.0,1018.0,927.0,17502.0,556779.0,550812.0,25140.0,375757.0,4547.0,77625.0,21305.0
20k_followup,c20000_ema,c20000_raw,494.0,517.0,13.0,1024.0,0.48876953125,0.46018701484630736,0.5173520476536926,0.32997373342737624,55.84086262062192,554613.0,94433.0,171841.0,4257.0,1024.0,4024.0,79851.0,554613.0,886.0,1013.0,886.0,17464.0,525239.0,519574.0,25117.0,350955.0,4257.0,2496.0,-3094.0,554613.0,93951.0,174481.0,4332.0,1024.0,4770.0,78292.0,554613.0,896.0,1015.0,896.0,14582.0,525242.0,519567.0,25039.0,352999.0,4332.0,-2496.0,3094.0
20k_followup,c20000_ema,c19000_ema,550.0,462.0,12.0,1024.0,0.54296875,0.5145000870336491,0.5714374129663509,0.3286593409766704,53.396187983453274,580660.0,102079.0,183970.0,4594.0,1024.0,4243.0,80102.0,580660.0,919.0,1015.0,919.0,17608.0,550917.0,544880.0,25149.0,368736.0,4594.0,77252.0,15785.0,580660.0,101021.0,181765.0,4512.0,1024.0,4467.0,80555.0,580660.0,921.0,1018.0,921.0,17397.0,550926.0,544970.0,25222.0,369350.0,4512.0,-77252.0,-15785.0
