checkpoint,layer,head,adjacent4_mass,adjacent4_expected,adjacent4_enrichment,adjacent4_ci_low,adjacent4_ci_high,adjacent8_mass,adjacent8_expected,adjacent8_enrichment,adjacent8_ci_low,adjacent8_ci_high,top_spatial_key_adjacent4,top_spatial_key_adjacent8,mean_attended_manhattan_distance,self_mass,special_token_mass
initial,0,0,0.06483714282512665,0.06566020923739514,0.9874647610504454,0.9856394103169954,0.9892644870634493,0.11990605294704437,0.12193614093894806,0.9833512199396229,0.9813407892572721,0.9852359118485383,0.07110969387755102,0.12382260596546311,4.710153569026034,0.018762890249490738,0.06197119504213333
initial,0,1,0.06434285640716553,0.06582770604865157,0.9774433938137138,0.9755435671799738,0.9794220668708944,0.12011122703552246,0.12225389753213453,0.9824736017430539,0.9807488204139191,0.9842810823472086,0.04672782574568289,0.07797782574568289,4.707615379621928,0.018720675259828568,0.059765491634607315
initial,0,2,0.06439264118671417,0.06539245051722184,0.9847106306217358,0.982502366675433,0.9868425203739559,0.11987488716840744,0.12142446679269656,0.9872383246538389,0.9853210561791257,0.98923528761164,0.06919642857142858,0.14351942700156986,4.691511733308618,0.01844584383070469,0.06570276618003845
initial,0,3,0.06633996963500977,0.06634238836474786,0.9999635417144648,0.9974295837577406,1.0023524911484472,0.12362395972013474,0.12319173950418438,1.0035085162178075,1.001388346385647,1.005561518097121,0.07199273940345369,0.15028944270015698,4.652995466397265,0.01941370591521263,0.051615044474601746
initial,0,4,0.06546345353126526,0.06633069968372017,0.9869254182966539,0.9839474714150467,0.9898013551189436,0.12173427641391754,0.12318596756868556,0.9882154503193832,0.9858710162875602,0.9905166190744976,0.06583594976452119,0.11894132653061225,4.683664166378003,0.019183320924639702,0.052231624722480774
initial,0,5,0.06511731445789337,0.06576318634898864,0.9901788230322692,0.9879655169838996,0.9923407604291954,0.1210874691605568,0.12216843432397277,0.9911518456514764,0.9893123215477111,0.9929860987921876,0.07334183673469388,0.1389570251177394,4.684529110064777,0.018596168607473373,0.061268217861652374
initial,0,6,0.06567340344190598,0.0649660314895161,1.0108883355835585,1.007776320848107,1.013807007712108,0.12135044485330582,0.12063527303862481,1.0059283806192574,1.003611468271191,1.008136471714268,0.07108516483516483,0.12455847723704866,4.656277683114426,0.019181765615940094,0.07127049565315247
initial,0,7,0.06519433110952377,0.06528080903258796,0.9986752933312911,0.9967601184768953,1.000532671848797,0.12173177301883698,0.12121722003927991,1.004244883518945,1.002334130094026,1.006084435189379,0.06676805337519623,0.13378139717425433,4.66281030667714,0.018905889242887497,0.06688405573368073
initial,1,0,0.0672212764620781,0.06707128788252453,1.0022362561431095,1.0011424192373786,1.0033576205478012,0.12480462342500687,0.12455647081440809,1.0019922899948612,1.0006135104690916,1.00334617976239,0.08131377551020408,0.15051020408163265,4.66295706404386,0.0195784792304039,0.0413852296769619
initial,1,1,0.06592273712158203,0.06666412255261336,0.9888787941302879,0.9880533864147509,0.989726088799405,0.12219937890768051,0.12381704532825094,0.9869350264635871,0.9857662486849115,0.9881652753521109,0.05872252747252747,0.1085655416012559,4.69324398710165,0.019315559417009354,0.047563403844833374
initial,1,2,0.06644672900438309,0.06623812913317145,1.0031492415915348,1.0018596112349252,1.0044533093524255,0.12341662496328354,0.12300146976994518,1.0033752051427909,1.0021130476994262,1.004615655567676,0.08143642072213501,0.16375588697017268,4.666367166364897,0.019384246319532394,0.05307801067829132
initial,1,3,0.06429047882556915,0.06447364377755328,0.9971590724325108,0.9962670988513065,0.998073908397087,0.11942653357982635,0.1197257189079571,0.9975010772049676,0.9964514946475337,0.9985961939863132,0.06983418367346939,0.12902276295133439,4.66387485719786,0.018665751442313194,0.07851522415876389
initial,1,4,0.06534366309642792,0.0658462775850689,0.9923668503813045,0.9908940161290966,0.9937990266847304,0.121470607817173,0.12228229659678212,0.9933621725940787,0.9919493370529208,0.9946977084102463,0.06335851648351648,0.11626766091051806,4.67872992298845,0.01903964765369892,0.05906549096107483
initial,1,5,0.0655270665884018,0.06554081032221014,0.9997903026566077,0.9985914808680875,1.0009810818806313,0.12156263738870621,0.12170245565334772,0.9988511467259151,0.9978370901483025,0.9997954800225141,0.08771585557299844,0.15401785714285715,4.670227202652885,0.019113637506961823,0.06306518614292145
initial,1,6,0.0665072426199913,0.06639297449102231,1.0017210876579183,1.0009763981681548,1.0024701809500456,0.12388844043016434,0.123304056545682,1.0047393727412839,1.0035465711914417,1.005902203657942,0.08653846153846154,0.1547291993720565,4.656387443790549,0.019257405772805214,0.05130857601761818
initial,1,7,0.06485995650291443,0.06563773688747294,0.9881504082645032,0.9865647560803167,0.9897714051817741,0.12003999203443527,0.12192286668388706,0.9845568374443362,0.983106639073804,0.9860335638595478,0.06696428571428571,0.1075353218210361,4.696586689739947,0.01904142275452614,0.06243565306067467
initial,2,0,0.06644319742918015,0.06645844771733511,0.9997705289744379,0.9992422636556959,1.0002618176818374,0.12361515313386917,0.12341717611465891,1.0016041285779083,1.0010778340279467,1.0021452023925408,0.06360380690737834,0.1200206043956044,4.664360452189687,0.019292911514639854,0.05018843710422516
initial,2,1,0.06613767892122269,0.06624050148072434,0.99844773881231,0.9976304687401633,0.9992710901343822,0.12275172770023346,0.12302128627197817,0.9978088460955549,0.9966748861087125,0.9988875537250785,0.07052099686028257,0.1300039246467818,4.666255630891514,0.019244380295276642,0.05344726890325546
initial,2,2,0.0644913986325264,0.06475408261022685,0.9959433603703165,0.995252179648716,0.9967160913989269,0.11958380788564682,0.12026587613715245,0.9943286635127674,0.9935047242085155,0.9952022883706874,0.06625294348508634,0.11526197017268446,4.679285195031063,0.018844852223992348,0.07473298907279968
initial,2,3,0.06662910431623459,0.06667141365320488,0.9993654051316451,0.9987151298707764,1.0000225098847795,0.12335359305143356,0.12381884930059577,0.9962424440883577,0.9951447864925881,0.997369384519144,0.06495290423861852,0.11587519623233909,4.676173684996444,0.01953941397368908,0.047041554003953934
initial,2,4,0.06563592702150345,0.0656918389208857,0.9991488760202072,0.9985877662563378,0.9997273994369779,0.12204892933368683,0.12199742135572067,1.000422205464622,0.9996567336133719,1.00119033049919,0.07692307692307693,0.13760792778649922,4.66259221992984,0.019098415970802307,0.061186809092760086
initial,2,5,0.0660904124379158,0.06585688045911062,1.0035460528524454,1.0027663701756369,1.0043482367512575,0.12293160706758499,0.12231434425538305,1.0050465284015515,1.004334007611971,1.005781619700352,0.06605671114599686,0.12791895604395603,4.656925783145673,0.019320355728268623,0.05882163718342781
initial,2,6,0.06541517376899719,0.06536333516490739,1.0007930838284034,1.0001463272654796,1.001458437590575,0.12173154950141907,0.1213850890760091,1.0028542255729038,1.00185233146778,1.0038814540624719,0.06578689167974883,0.13844191522762953,4.659199961793801,0.01907365955412388,0.06576397269964218
initial,2,7,0.0661715716123581,0.06646372528862103,0.9956043138570062,0.9948972429507595,0.9963248226636124,0.1232491061091423,0.12344210061291817,0.9984365584932725,0.9977232660837224,0.9990950956101942,0.06414344583987441,0.12703591051805338,4.666848413964463,0.019254811108112335,0.05037052556872368
iteration_540,0,0,0.060701675713062286,0.06531577213961083,0.9293570867280566,0.9265238726698904,0.932132856654904,0.11254584044218063,0.12133733464372896,0.9275450196152574,0.9243937006365286,0.9306611588233498,0.06630200156985872,0.11695447409733124,4.8348433286723616,0.017244800925254822,0.06902330368757248
iteration_540,0,1,0.05117297172546387,0.055098810685038996,0.928749116164841,0.9243906781646996,0.9329529415901757,0.09547866880893707,0.10235214856531093,0.9328447926817297,0.927487221903918,0.9380667123198494,0.07047193877551021,0.13275117739403453,4.791669309746296,0.014935348182916641,0.21415863931179047
iteration_540,0,2,0.0575164370238781,0.05602950010495479,1.0265384648468747,1.0223560083378131,1.031035406283431,0.10584388673305511,0.10396815522571207,1.0180414041517893,1.012575521965753,1.0236359221080977,0.09370094191522763,0.17236558084772372,4.669257752307148,0.016537660732865334,0.1974768340587616
iteration_540,0,3,0.061125047504901886,0.05981252608996364,1.0219439221303592,1.0192800934493205,1.024606495264869,0.11362815648317337,0.11110666490811666,1.0226943323079847,1.020232621507591,1.0252003694275496,0.08749509419152277,0.15995388540031397,4.625684672412424,0.018054187297821045,0.14499840140342712
iteration_540,0,4,0.056308165192604065,0.04990614011396631,1.1282813109572891,1.124684957702889,1.1322020912959194,0.10363148897886276,0.09272943333901934,1.1175684488439117,1.1142943298975212,1.1209877236381334,0.1334625196232339,0.23800529827315542,4.512160594757575,0.01661580428481102,0.2853246331214905
iteration_540,0,5,0.0660107433795929,0.06363086528615068,1.0374013158981856,1.0334951061660709,1.0410516475637477,0.12348438054323196,0.11821838978018606,1.0445445989649955,1.041510190555578,1.0474070078123932,0.09262166405023547,0.1886528649921507,4.590237839046349,0.018877536058425903,0.09107501804828644
iteration_540,0,6,0.03898905962705612,0.039785185214997416,0.9799893959613594,0.9757996888525203,0.9839758231016291,0.07135090231895447,0.07379474250216199,0.9668832751447581,0.9640947845525007,0.9695116411328474,0.0641679748822606,0.10307103610675039,4.744150111626609,0.011574854142963886,0.43067753314971924
iteration_540,0,7,0.05388743430376053,0.05744906294065533,0.9380037122524706,0.9353080649948948,0.9406396004045098,0.10073217749595642,0.10670154324809111,0.9440554881361429,0.9411044635207515,0.9470813637295176,0.06836244113029827,0.1314756671899529,4.759551840499442,0.015817033126950264,0.17991851270198822
iteration_540,1,0,0.06435400992631912,0.06300873445889249,1.0213506187511876,1.0179333123381562,1.0245963987225148,0.11805108934640884,0.11703393124577587,1.0086911384570763,1.0059673669310847,1.0116771119855756,0.10027472527472528,0.15161401098901098,4.674251257144394,0.01915498822927475,0.09906373918056488
iteration_540,1,1,0.07299546897411346,0.06680251805422208,1.0927053515387655,1.0863244181820293,1.098633234946928,0.1332515925168991,0.12408634479832482,1.073861855899377,1.0687666686501862,1.0789497121404634,0.10755985086342229,0.18163755886970173,4.540979825572993,0.02191036567091942,0.04326063022017479
iteration_540,1,2,0.05715201422572136,0.05521676986151015,1.035048127028528,1.032590288266431,1.0375174881384404,0.10468888282775879,0.1024739160516174,1.0216149324773114,1.018451721851363,1.0247965134264172,0.10015208006279434,0.17977335164835165,4.660949590902181,0.01731184683740139,0.20871007442474365
iteration_540,1,3,0.06602248549461365,0.06635457530527189,0.9949952236280554,0.9917128313398056,0.998119121072818,0.12294435501098633,0.12321040596496065,0.9978406778884409,0.9939237664365946,1.0012721920735366,0.08533653846153846,0.15051020408163265,4.67284685390007,0.01918705739080906,0.05156950280070305
iteration_540,1,4,0.06905193626880646,0.06315951621754963,1.0932942556266692,1.0893141202834846,1.0975031754670823,0.1262170672416687,0.11729613281632317,1.0760548042902236,1.0725152020182775,1.0796631627717705,0.12186028257456828,0.20182496075353218,4.549097256092903,0.020758815109729767,0.09510166943073273
iteration_540,1,5,0.0605032704770565,0.06002118101091066,1.0080319890083171,1.0041450673482022,1.0117884673497406,0.11067542433738708,0.111414216414464,0.993368960435636,0.987994039203155,0.9986953207849234,0.08227040816326531,0.14602138932496075,4.711635228428099,0.01838369108736515,0.14047054946422577
iteration_540,1,6,0.06961774080991745,0.06800229399341848,1.023755769425298,1.021798283638786,1.025741046075566,0.12885162234306335,0.12633916865049216,1.0198865776893127,1.017747973158822,1.0219687774913289,0.08295722135007849,0.15546507064364207,4.653420815235234,0.02047666534781456,0.028221894055604935
iteration_540,1,7,0.06837807595729828,0.06279197848719471,1.0889619598663027,1.0831852241586395,1.094659453835808,0.12628930807113647,0.11657165579253166,1.0833620506849435,1.0758172851568193,1.0911292099256378,0.12029042386185243,0.2081289246467818,4.520394148191095,0.02004331536591053,0.10018035024404526
iteration_540,2,0,0.0645560473203659,0.06417646935652023,1.005914597167024,1.0036038629462263,1.0084377721023237,0.11953584849834442,0.11920064282489645,1.0028121129677159,1.0010056749750855,1.0047315422288239,0.07378335949764521,0.1404532967032967,4.66977918388158,0.018947847187519073,0.08278563618659973
iteration_540,2,1,0.0676361620426178,0.06690463425446845,1.0109338881573886,1.0088691837655168,1.0127824786008022,0.12416012585163116,0.1242691296761834,0.9991228406858865,0.9973397670922947,1.0009304059619024,0.07390600470957613,0.12718308477237047,4.685967998337765,0.020195331424474716,0.04343295097351074
iteration_540,2,2,0.059988003224134445,0.06156263337086804,0.9744223068359072,0.9717071389607648,0.9772545017517893,0.11096546053886414,0.11431999065736474,0.9706566620657391,0.9674893626270497,0.9740084997959731,0.056269623233908946,0.10029925431711147,4.731306422534628,0.017621440812945366,0.12028813362121582
iteration_540,2,3,0.06662377715110779,0.06608050696770863,1.008221338006148,1.005818751190071,1.0104904206037437,0.12353315949440002,0.12269012019463289,1.0068712892157066,1.0045627302195481,1.0091673685084979,0.07623626373626374,0.1333153453689168,4.654139305241485,0.019438592717051506,0.05491470545530319
iteration_540,2,4,0.06846462935209274,0.06781941838544213,1.0095136611609326,1.006808100311251,1.012319113265784,0.12707749009132385,0.12597105192119346,1.0087832732461628,1.0058045666170643,1.0117019133922802,0.07802688383045527,0.1437892464678179,4.647161652869833,0.020064769312739372,0.030819235369563103
iteration_540,2,5,0.060206636786460876,0.059032823770255344,1.0198840736599997,1.016520861455119,1.0234527401426219,0.11098353564739227,0.10954714213290936,1.0131121039446214,1.0096086254999272,1.0165519313903566,0.08361950549450549,0.15038755886970173,4.6669842575816105,0.01791529357433319,0.15423403680324554
iteration_540,2,6,0.06733261048793793,0.06383778257595209,1.0547454465202923,1.050048520033125,1.0593755655289554,0.12376827746629715,0.11855337084866797,1.0439878392347524,1.0397895643836792,1.0480084397627263,0.10623528257456828,0.17641287284144427,4.588029485166921,0.02033831551671028,0.08589602261781693
iteration_540,2,7,0.06076442450284958,0.062034551819406536,0.9795254857284289,0.9761667610181173,0.9828902234461262,0.11328355967998505,0.11522570081535935,0.9831448963067151,0.9800194461877806,0.9863890345744205,0.07228708791208792,0.13635694662480377,4.6974755655377525,0.017741063609719276,0.11403488367795944
iteration_880,0,0,0.050766151398420334,0.06192581691473506,0.8197897731138478,0.815727343403585,0.8240072197667458,0.09541158378124237,0.11509136098046767,0.829007346584726,0.8246984346561672,0.8332235736402126,0.044054160125588694,0.08124018838304553,4.980539411077893,0.014137296937406063,0.12040992826223373
iteration_880,0,1,0.035643741488456726,0.04152142631554724,0.858442126182701,0.8514621716743044,0.8651103279170507,0.06685230135917664,0.07713732452873398,0.8666660629935884,0.8585551988267224,0.8749712241085954,0.07721742543171115,0.14172880690737832,4.883539172300083,0.010233652777969837,0.4088764190673828
iteration_880,0,2,0.06857514381408691,0.04391478551398946,1.5615502389791172,1.5456468752040677,1.577312384920777,0.12183522433042526,0.08132079566782548,1.4982050203749948,1.4825554315911078,1.5140299853086978,0.1733958006279435,0.27869897959183676,3.941950994252084,0.019429655745625496,0.3618233799934387
iteration_880,0,3,0.05587939918041229,0.05376311639304497,1.0393630974048427,1.0367351237197577,1.0419587018018086,0.10402633249759674,0.09988091080079255,1.041503643324519,1.038907988996047,1.0439931738252408,0.09274430926216641,0.17212029042386184,4.604535129010061,0.01653326116502285,0.23127032816410065
iteration_880,0,4,0.07558272033929825,0.039654091829959,1.906050973589436,1.8936724582421816,1.9193206412165063,0.13166330754756927,0.0737845511652113,1.7844291991796684,1.7744031384001318,1.7954772295024184,0.34836145996860285,0.5078983516483516,3.9265575116709073,0.020921889692544937,0.42617616057395935
iteration_880,0,5,0.06754586100578308,0.060992663965102625,1.1074423810120821,1.1036339457598512,1.1113769573639765,0.12735022604465485,0.11331246600426395,1.1238853988038937,1.1199131265744668,1.1276785139107361,0.09958791208791208,0.21440835949764522,4.463065469877861,0.01962248794734478,0.12712611258029938
iteration_880,0,6,0.02459423802793026,0.027519550570873533,0.8937005698763336,0.8893235883756021,0.8980172539326904,0.04485861957073212,0.05100763200863094,0.8794491687663847,0.8760620191161556,0.8829241699524414,0.04930337519623234,0.08607240973312402,4.896517135748469,0.007406568620353937,0.6062025427818298
iteration_880,0,7,0.04025222361087799,0.04811575746927706,0.8365705067945756,0.8300978098076515,0.842527996370773,0.07608535885810852,0.0893914723721169,0.8511478426195065,0.8447151727588209,0.8574933421598361,0.07388147566718996,0.13871173469387754,4.891149406382128,0.0117358872666955,0.3147353529930115
iteration_880,1,0,0.05986478179693222,0.058538252719923974,1.0226608929268015,1.0182273935082002,1.0271296738325777,0.1095697358250618,0.10875125186248148,1.007526202674111,1.0034568541724236,1.0117618425122443,0.10025019623233909,0.1667484301412873,4.6994115347375525,0.01792244054377079,0.16309794783592224
iteration_880,1,1,0.12887798249721527,0.06303422655866392,2.044571489701277,2.020866624564736,2.0666270196249528,0.2219686210155487,0.1170454978258025,1.8964302355815694,1.8747943702248306,1.9158836492486695,0.26773449764521196,0.3817945447409733,3.5174576267167934,0.04254547134041786,0.07490738481283188
iteration_880,1,2,0.07760950177907944,0.05355128947152778,1.4492555183072289,1.4390165486247355,1.4591253089686391,0.13932785391807556,0.09922280438978534,1.4041918566496283,1.3955274809354938,1.413319240371896,0.2708006279434851,0.4268789246467818,4.100244320589855,0.02385457046329975,0.22292762994766235
iteration_880,1,3,0.060628898441791534,0.06578430383936354,0.9216316796456369,0.9139319937241235,0.9295490909723485,0.11413022130727768,0.12206651788334177,0.9349838373889819,0.9256919611965538,0.9436104891241907,0.08141189167974883,0.1485969387755102,4.80917958278595,0.017493246123194695,0.05996229127049446
iteration_880,1,4,0.11659999936819077,0.060432774862757,1.9294166060219755,1.9073958247463279,1.9510949054192215,0.20267441868782043,0.11218918349196325,1.806541525479051,1.7878037517844547,1.825281286731361,0.3224097331240188,0.4594044348508634,3.6506134810509967,0.038509875535964966,0.1149071529507637
iteration_880,1,5,0.06154067814350128,0.05382608178849212,1.1433245017782165,1.1345999438327397,1.152074859884298,0.11105073988437653,0.09967547457373924,1.1141230112952405,1.1050498191872506,1.122918641601466,0.1323587127158556,0.21916699372056514,4.576038083358416,0.019349994137883186,0.22244727611541748
iteration_880,1,6,0.0604064054787159,0.06667305715196298,0.9060092346003579,0.9001557216443827,0.912013819134946,0.11265932023525238,0.12391483642866086,0.909167323963758,0.9034553245649077,0.9148717736456962,0.038559654631083205,0.06900019623233909,4.890785934845245,0.017649270594120026,0.05035307630896568
iteration_880,1,7,0.08630137145519257,0.06352071046239775,1.3586335988209741,1.3453435836612035,1.3710037242637996,0.15718330442905426,0.11791650386544116,1.333005128853056,1.319052875117503,1.3463246147867416,0.20359105180533751,0.3251079277864992,4.14798415630748,0.02597961015999317,0.08391229063272476
iteration_880,2,0,0.06535892188549042,0.06404377151746546,1.0205351798756308,1.0179869498264968,1.023328869346714,0.12171859294176102,0.11890303535979169,1.0236794424418996,1.021168830427622,1.0263298286792604,0.08425726059654631,0.1575990973312402,4.625389710871246,0.018920009955763817,0.08382903784513474
iteration_880,2,1,0.06587611138820648,0.06613677584568979,0.9960587063074938,0.9903177677323571,1.0019798403238582,0.12140825390815735,0.12282776972080968,0.9884430384441651,0.9821245015232606,0.9950143850253632,0.0756475667189953,0.13486067503924648,4.736802315526493,0.019820518791675568,0.05432433262467384
iteration_880,2,2,0.05595588684082031,0.06105735406190563,0.9164479480078195,0.9124827955401272,0.9205829786788885,0.1053939014673233,0.11331651350317601,0.9300842234646528,0.9263391356283047,0.9340943116296486,0.05308084772370487,0.10118229984301413,4.79107868529457,0.01587635837495327,0.12806563079357147
iteration_880,2,3,0.06365741789340973,0.06259654058634925,1.0169478584139493,1.0124329175861102,1.021799791907403,0.11937984824180603,0.11605461675319238,1.0286522982164963,1.023363330411756,1.0342426849514774,0.08305533751962324,0.15683869701726844,4.601267605805463,0.017978275194764137,0.10256556421518326
iteration_880,2,4,0.06866715103387833,0.0668037207073153,1.0278941098913816,1.022310313533742,1.0340064571754186,0.12728148698806763,0.1241149968447976,1.0255125506487313,1.0201321885499095,1.0310698457291207,0.07317013343799059,0.13861361852433282,4.630493963345743,0.020163746550679207,0.04543619602918625
iteration_880,2,5,0.06874467432498932,0.06253359699081144,1.0993238456295824,1.0924716122195601,1.1065578409720267,0.1265074908733368,0.11606805915431649,1.089942330345515,1.0837117058052848,1.0963852866594284,0.11987343014128729,0.2179160125588697,4.571515459752902,0.020578792318701744,0.10277244448661804
iteration_880,2,6,0.10000850260257721,0.05960750201467436,1.677783822881167,1.6528858434054263,1.7018042959275563,0.17524217069149017,0.11066582284807666,1.5835256647579865,1.5614111931312904,1.6040170251517012,0.32120781004709575,0.4582760989010989,3.863700404362566,0.032906778156757355,0.1322590857744217
iteration_880,2,7,0.06205032765865326,0.061634881435950126,1.0067404400401883,1.003385590938484,1.0101406514595754,0.11493030190467834,0.11444481826823948,1.004242076170727,1.000581440247879,1.0080106866074037,0.08614599686028257,0.15563677394034536,4.698078126796573,0.018475698307156563,0.11827617138624191
iteration_1260,0,0,0.03523112088441849,0.054329267656835704,0.6484740620277017,0.6415122742222984,0.6555197288246339,0.06805114448070526,0.10105322573049427,0.6734188244737035,0.6664690400812512,0.6801833135615802,0.01547782574568289,0.03174058084772371,5.214143417995491,0.009484602138400078,0.23252643644809723
iteration_1260,0,1,0.027956677600741386,0.035544434782943855,0.7865275611065987,0.7770683554635139,0.795173396089443,0.05256039276719093,0.06610409962958934,0.795115477885792,0.7846456207934591,0.8055183122643362,0.07515698587127159,0.13719093406593408,4.963829933921483,0.007880440913140774,0.4957769215106964
iteration_1260,0,2,0.11627859622240067,0.036911862813866714,3.1501687359630677,3.0849900077764576,3.2148278892686895,0.19241806864738464,0.06793580901923289,2.832351177166527,2.776103872751266,2.8879057012339153,0.4321036106750393,0.5718946232339089,2.726611632938699,0.033523209393024445,0.44000306725502014
iteration_1260,0,3,0.05412944778800011,0.053440035707289786,1.0129006665430853,1.0102811494500044,1.0154488523828018,0.10107359290122986,0.09925466227767493,1.0183258960517771,1.0156626961499042,1.020919041010605,0.07890992935635793,0.1509271978021978,4.650274306468111,0.015846431255340576,0.23587718605995178
iteration_1260,0,4,0.12499840557575226,0.036368852216337455,3.436963169258364,3.412917164122441,3.4613523803395205,0.19969001412391663,0.06766560584630558,2.95113021787596,2.933542599669564,2.968788798505374,0.6313039638932496,0.7599833202511774,3.1984629144525583,0.03343549743294716,0.4594239294528961
iteration_1260,0,5,0.06779846549034119,0.05769921698955533,1.1750326785650145,1.168359226054611,1.181468326868574,0.1276049017906189,0.10711276828495844,1.191313639202602,1.1836267644985734,1.1989829400410514,0.088451726844584,0.17315051020408162,4.353862720731592,0.019889889284968376,0.17163005471229553
iteration_1260,0,6,0.017164651304483414,0.021411650155845292,0.8016500914011775,0.7975238542824267,0.8058778396191427,0.031407229602336884,0.03967689218399398,0.791574840506456,0.7875803036625405,0.795681316494298,0.0402276295133438,0.07459281789638933,5.042316850808647,0.005195028148591518,0.6938145756721497
iteration_1260,0,7,0.03188062086701393,0.04428340516529508,0.7199225251087689,0.7094606983584003,0.7298973363959356,0.0607876218855381,0.08226514731523779,0.7389231511687641,0.7277764469231768,0.7497153612121745,0.07442111459968603,0.13777963108320251,5.090589879564406,0.009006273932754993,0.3709135353565216
iteration_1260,1,0,0.06256604939699173,0.060372955328257934,1.0363257696564558,1.032082590773325,1.0407409352885635,0.11598889529705048,0.11228030635175137,1.033029736610095,1.0281939225622596,1.0381751617766384,0.1027276295133438,0.18521879905808478,4.630531626130545,0.018269862979650497,0.13902169466018677
iteration_1260,1,1,0.21368204057216644,0.0595966890524775,3.5854683199600235,3.5332392053123707,3.6348185984174317,0.35781607031822205,0.11049677798182016,3.238248905113712,3.1932534647829556,3.279295192912209,0.42896389324960754,0.6040521978021978,2.5556521079780206,0.0714011937379837,0.09191258251667023
iteration_1260,1,2,0.13732749223709106,0.05632718825748254,2.438032085133388,2.406806392536888,2.4694976039343692,0.24332760274410248,0.10425862611982299,2.3338846079215494,2.307144757688904,2.361883765044325,0.4296016483516483,0.6919152276295133,3.1357716191992817,0.04102487489581108,0.16512110829353333
iteration_1260,1,3,0.059558529406785965,0.0649666756525607,0.9167550718664244,0.906048457416081,0.9274972606578851,0.11303061991930008,0.12043267653562754,0.9385378052763137,0.9251596951577248,0.9513539128415909,0.08484595761381476,0.15551412872841444,4.808127509865834,0.017305659130215645,0.06987978518009186
iteration_1260,1,4,0.18417058885097504,0.05799790205387849,3.175469841648505,3.134695208260658,3.2138410048564543,0.3116801977157593,0.10754177805498008,2.898224330607726,2.8624508432223457,2.9349807771863943,0.42805631868131866,0.599833202511774,2.7812734918123927,0.061374448239803314,0.12448546290397644
iteration_1260,1,5,0.09002121537923813,0.05274951698661861,1.7065789512740852,1.6839247465526026,1.7290565215521918,0.15981489419937134,0.09768592659160137,1.6360073531115131,1.6159339339321217,1.6555682709514823,0.24914148351648352,0.3942307692307692,3.851205056755998,0.028576571494340897,0.22842592000961304
iteration_1260,1,6,0.04257237911224365,0.06394910337851473,0.6657228461868769,0.6553112886820732,0.676018167065635,0.08061893284320831,0.11887748622123376,0.6781682167569948,0.6680376032504576,0.6883668569487643,0.022051609105180534,0.03951628728414443,5.384266832806798,0.012292401865124702,0.09425032883882523
iteration_1260,1,7,0.10100353509187698,0.06410431688350993,1.575612064869518,1.5580307640309339,1.5920367874999874,0.1819688379764557,0.11896460247098131,1.5296048925212256,1.511343018840909,1.5466685054722993,0.25176609105180536,0.39702708006279436,3.90829710674908,0.03131035342812538,0.07004809379577637
iteration_1260,2,0,0.06726308912038803,0.06275356459171959,1.0718608505828764,1.068757015335191,1.0751325550637434,0.12583421170711517,0.1164472906152822,1.0806109016554575,1.0769342433496598,1.084347452307473,0.08886872056514913,0.16562009419152277,4.5324213648982274,0.019350718706846237,0.10056056082248688
iteration_1260,2,1,0.06937213987112045,0.06582781646285799,1.0538423359411029,1.0452774175721282,1.062352532580973,0.12901197373867035,0.12223439792028329,1.0554473694287523,1.0473352137095153,1.0636543153541107,0.07039835164835165,0.13208889324960754,4.611846608645175,0.020735668018460274,0.05745125189423561
iteration_1260,2,2,0.057214733213186264,0.0627106930787333,0.9123600841303595,0.9063558045845435,0.9187182206622112,0.10978976637125015,0.11643127155355011,0.9429577200894406,0.936798854231717,0.9494000550678245,0.042582417582417584,0.08330062794348508,4.677505613520321,0.01569383032619953,0.105731301009655
iteration_1260,2,3,0.06384745240211487,0.06038553291621033,1.057330279600384,1.051739036089643,1.0631016507350308,0.1223086416721344,0.11179835385969196,1.094011114203282,1.0862583003145032,1.1018833237812955,0.09134615384615384,0.17449960753532182,4.430895194041436,0.01677449233829975,0.13250163197517395
iteration_1260,2,4,0.07050011307001114,0.06679540072719571,1.055463584355847,1.0479789701038398,1.062910005253777,0.13100595772266388,0.12404310010161719,1.0561325669492512,1.0484828562081294,1.0636207391891566,0.09107633437990581,0.16696919152276296,4.583700222339446,0.020629139617085457,0.04416714608669281
iteration_1260,2,5,0.07291921228170395,0.06252152754548167,1.1663056733324122,1.156216619610865,1.17683754905352,0.1344917118549347,0.11602416507789681,1.159169831255748,1.1496296727270543,1.1686032978863543,0.1349587912087912,0.24445643642072212,4.479742007190091,0.02151111140847206,0.10163187980651855
iteration_1260,2,6,0.14941014349460602,0.060782912426962245,2.458094512567816,2.415130954840954,2.500164288154428,0.25717437267303467,0.11283326292318993,2.2792425390383637,2.2381840120993477,2.3187006804931896,0.4029140502354788,0.610037284144427,3.249606989400216,0.0482417531311512,0.10031747072935104
iteration_1260,2,7,0.06820084154605865,0.06305367664239016,1.0816314793641728,1.0757104907668757,1.0878344606330137,0.12610997259616852,0.11694596036408773,1.0783610840729383,1.0726899099558065,1.084005578104811,0.09818975667189953,0.17825255102040816,4.597158253729348,0.020557893440127373,0.09428605437278748
