timestamp,gpu_util_pct,memory_util_pct,memory_used_mib,memory_total_mib,power_w,sm_clock_mhz
2026/08/01 23:12:49.178, 0, 0, 0, 81559, 68.15, 345
2026/08/01 23:12:50.181, 0, 0, 0, 81559, 68.17, 345
2026/08/01 23:12:51.182, 0, 0, 0, 81559, 68.21, 345
2026/08/01 23:12:52.182, 0, 0, 0, 81559, 68.19, 345
2026/08/01 23:12:53.182, 0, 0, 0, 81559, 68.16, 345
2026/08/01 23:12:54.182, 0, 0, 0, 81559, 68.15, 345
2026/08/01 23:12:55.183, 0, 0, 0, 81559, 68.15, 345
2026/08/01 23:12:56.183, 0, 0, 0, 81559, 68.10, 345
2026/08/01 23:12:57.184, 0, 0, 0, 81559, 68.14, 345
2026/08/01 23:12:58.184, 0, 0, 0, 81559, 68.21, 345
2026/08/01 23:12:59.184, 0, 0, 0, 81559, 68.21, 345
2026/08/01 23:13:00.185, 0, 0, 0, 81559, 68.12, 345
2026/08/01 23:13:01.185, 0, 0, 0, 81559, 68.09, 345
2026/08/01 23:13:02.185, 0, 0, 0, 81559, 68.11, 345
2026/08/01 23:13:03.186, 0, 0, 23, 81559, 70.86, 1980
2026/08/01 23:13:04.186, 0, 0, 61367, 81559, 114.71, 1980
2026/08/01 23:13:05.187, 0, 0, 61371, 81559, 114.56, 1980
2026/08/01 23:13:06.187, 0, 0, 61371, 81559, 114.54, 1980
2026/08/01 23:13:07.188, 0, 0, 61371, 81559, 114.57, 1980
2026/08/01 23:13:08.188, 0, 0, 61371, 81559, 114.56, 1980
2026/08/01 23:13:09.188, 0, 0, 61371, 81559, 114.65, 1980
2026/08/01 23:13:10.188, 0, 0, 61371, 81559, 114.68, 1980
2026/08/01 23:13:11.189, 0, 0, 61371, 81559, 114.66, 1980
2026/08/01 23:13:12.189, 0, 0, 61371, 81559, 114.69, 1980
2026/08/01 23:13:13.189, 0, 0, 61371, 81559, 114.69, 1980
2026/08/01 23:13:14.190, 0, 0, 61371, 81559, 114.68, 1980
2026/08/01 23:13:15.190, 0, 0, 61371, 81559, 114.70, 1980
2026/08/01 23:13:16.190, 0, 0, 61371, 81559, 114.74, 1980
2026/08/01 23:13:17.191, 0, 0, 61371, 81559, 114.79, 1980
2026/08/01 23:13:18.191, 0, 0, 61371, 81559, 114.77, 1980
2026/08/01 23:13:19.192, 0, 0, 61371, 81559, 114.79, 1980
2026/08/01 23:13:20.192, 0, 0, 61373, 81559, 115.10, 1980
2026/08/01 23:13:21.192, 0, 0, 61375, 81559, 125.01, 1980
2026/08/01 23:13:22.192, 0, 0, 61375, 81559, 114.86, 1980
2026/08/01 23:13:23.193, 0, 0, 61375, 81559, 115.62, 1980
2026/08/01 23:13:24.193, 0, 0, 61375, 81559, 126.81, 1980
2026/08/01 23:13:25.194, 0, 0, 61375, 81559, 114.91, 1980
2026/08/01 23:13:26.194, 0, 0, 61375, 81559, 115.23, 1980
2026/08/01 23:13:27.194, 0, 0, 61375, 81559, 123.69, 1980
2026/08/01 23:13:28.195, 0, 0, 61375, 81559, 114.95, 1980
2026/08/01 23:13:29.195, 0, 0, 61375, 81559, 114.97, 1980
2026/08/01 23:13:30.195, 46, 20, 61375, 81559, 128.14, 1980
2026/08/01 23:13:31.199, 0, 0, 61375, 81559, 115.77, 1980
2026/08/01 23:13:32.199, 0, 0, 61375, 81559, 114.96, 1980
2026/08/01 23:13:33.199, 0, 0, 61377, 81559, 116.04, 1980
2026/08/01 23:13:34.203, 0, 0, 61377, 81559, 126.75, 1980
2026/08/01 23:13:35.203, 0, 0, 61377, 81559, 115.03, 1980
2026/08/01 23:13:36.203, 0, 0, 61377, 81559, 115.78, 1980
2026/08/01 23:13:37.207, 0, 0, 61377, 81559, 128.41, 1980
2026/08/01 23:13:38.207, 0, 0, 61377, 81559, 115.01, 1980
2026/08/01 23:13:39.208, 0, 0, 61377, 81559, 116.13, 1980
2026/08/01 23:13:40.208, 0, 0, 61377, 81559, 126.08, 1980
2026/08/01 23:13:41.209, 0, 0, 61377, 81559, 115.06, 1980
2026/08/01 23:13:42.209, 0, 0, 61377, 81559, 115.04, 1980
2026/08/01 23:13:43.209, 51, 15, 61377, 81559, 128.89, 1980
2026/08/01 23:13:44.210, 0, 0, 61377, 81559, 118.54, 1980
2026/08/01 23:13:45.210, 2, 1, 61377, 81559, 116.37, 1980
2026/08/01 23:13:46.211, 0, 0, 61379, 81559, 115.54, 1980
2026/08/01 23:13:47.211, 0, 0, 61379, 81559, 125.30, 1980
2026/08/01 23:13:48.211, 0, 0, 61379, 81559, 115.12, 1980
2026/08/01 23:13:49.212, 0, 0, 61379, 81559, 116.99, 1980
2026/08/01 23:13:50.212, 0, 0, 61379, 81559, 126.96, 1980
2026/08/01 23:13:51.213, 0, 0, 61379, 81559, 115.12, 1980
2026/08/01 23:13:52.215, 0, 0, 61379, 81559, 116.10, 1980
2026/08/01 23:13:53.215, 0, 0, 61379, 81559, 126.59, 1980
2026/08/01 23:13:54.215, 0, 0, 61379, 81559, 115.10, 1980
2026/08/01 23:13:55.216, 0, 0, 61379, 81559, 115.13, 1980
2026/08/01 23:13:56.216, 0, 0, 61379, 81559, 116.01, 1980
2026/08/01 23:13:57.217, 0, 0, 61379, 81559, 128.63, 1980
2026/08/01 23:13:58.217, 0, 0, 61379, 81559, 115.18, 1980
2026/08/01 23:13:59.217, 0, 0, 61379, 81559, 116.77, 1980
2026/08/01 23:14:00.218, 0, 0, 61381, 81559, 126.02, 1980
2026/08/01 23:14:01.218, 0, 0, 61381, 81559, 115.12, 1980
2026/08/01 23:14:02.218, 0, 0, 61381, 81559, 115.89, 1980
2026/08/01 23:14:03.219, 0, 0, 61381, 81559, 129.97, 1980
2026/08/01 23:14:04.219, 0, 0, 61381, 81559, 115.20, 1980
2026/08/01 23:14:05.219, 0, 0, 61381, 81559, 116.83, 1980
2026/08/01 23:14:06.220, 0, 0, 61381, 81559, 115.12, 1980
2026/08/01 23:14:07.221, 0, 0, 61381, 81559, 126.18, 1980
2026/08/01 23:14:08.221, 0, 0, 61381, 81559, 115.18, 1980
2026/08/01 23:14:09.221, 0, 0, 61381, 81559, 116.22, 1980
2026/08/01 23:14:10.222, 0, 0, 61381, 81559, 133.52, 1980
2026/08/01 23:14:11.222, 0, 0, 61381, 81559, 115.16, 1980
2026/08/01 23:14:12.223, 0, 0, 61381, 81559, 115.25, 1980
2026/08/01 23:14:13.223, 0, 0, 61381, 81559, 115.19, 1980
2026/08/01 23:14:14.223, 0, 0, 61381, 81559, 115.30, 1980
2026/08/01 23:14:15.224, 0, 0, 61381, 81559, 115.19, 1980
2026/08/01 23:14:16.225, 0, 0, 61381, 81559, 115.31, 1980
2026/08/01 23:14:17.225, 0, 0, 61383, 81559, 115.31, 1980
2026/08/01 23:14:18.225, 0, 0, 61383, 81559, 115.27, 1980
2026/08/01 23:14:19.225, 0, 0, 61383, 81559, 115.22, 1980
2026/08/01 23:14:20.226, 0, 0, 61383, 81559, 115.20, 1980
2026/08/01 23:14:21.226, 0, 0, 61383, 81559, 115.20, 1980
2026/08/01 23:14:22.227, 0, 0, 61383, 81559, 115.20, 1980
2026/08/01 23:14:23.227, 0, 0, 61383, 81559, 115.25, 1980
2026/08/01 23:14:24.227, 0, 0, 61383, 81559, 115.19, 1980
2026/08/01 23:14:25.227, 0, 0, 61383, 81559, 115.20, 1980
2026/08/01 23:14:26.228, 0, 0, 61447, 81559, 115.33, 1980
2026/08/01 23:14:27.228, 0, 0, 61447, 81559, 115.25, 1980
2026/08/01 23:14:28.228, 0, 0, 61447, 81559, 115.29, 1980
2026/08/01 23:14:29.228, 0, 0, 61447, 81559, 115.25, 1980
2026/08/01 23:14:30.229, 0, 0, 61447, 81559, 115.25, 1980
2026/08/01 23:14:31.229, 0, 0, 61447, 81559, 115.29, 1980
2026/08/01 23:14:32.230, 0, 0, 61447, 81559, 117.83, 1980
2026/08/01 23:14:33.230, 0, 0, 61457, 81559, 115.30, 1980
2026/08/01 23:14:34.230, 0, 0, 61459, 81559, 138.38, 1980
2026/08/01 23:14:35.230, 0, 0, 61459, 81559, 116.61, 1980
2026/08/01 23:14:36.231, 0, 0, 61459, 81559, 155.84, 1980
2026/08/01 23:14:37.231, 0, 0, 61459, 81559, 132.81, 1980
2026/08/01 23:14:38.231, 0, 0, 61459, 81559, 116.57, 1980
2026/08/01 23:14:39.232, 0, 0, 61459, 81559, 118.33, 1980
2026/08/01 23:14:40.232, 1, 1, 61461, 81559, 117.76, 1980
2026/08/01 23:14:41.232, 0, 0, 61461, 81559, 116.40, 1980
2026/08/01 23:14:42.233, 0, 0, 61461, 81559, 116.39, 1980
2026/08/01 23:14:43.233, 0, 0, 61461, 81559, 116.40, 1980
2026/08/01 23:14:44.233, 0, 0, 61461, 81559, 116.39, 1980
2026/08/01 23:14:45.234, 0, 0, 61461, 81559, 116.47, 1980
2026/08/01 23:14:46.234, 0, 0, 61461, 81559, 116.50, 1980
2026/08/01 23:14:47.234, 0, 0, 61461, 81559, 116.43, 1980
2026/08/01 23:14:48.235, 0, 0, 61461, 81559, 116.49, 1980
2026/08/01 23:14:49.235, 0, 0, 61461, 81559, 116.43, 1980
2026/08/01 23:14:50.236, 0, 0, 61461, 81559, 116.46, 1980
2026/08/01 23:14:51.236, 0, 0, 61461, 81559, 116.47, 1980
2026/08/01 23:14:52.236, 0, 0, 61461, 81559, 116.46, 1980
2026/08/01 23:14:53.237, 0, 0, 61463, 81559, 116.47, 1980
2026/08/01 23:14:54.237, 0, 0, 61463, 81559, 116.44, 1980
2026/08/01 23:14:55.237, 0, 0, 61463, 81559, 116.38, 1980
2026/08/01 23:14:56.238, 0, 0, 61463, 81559, 116.44, 1980
2026/08/01 23:14:57.238, 0, 0, 61463, 81559, 116.43, 1980
2026/08/01 23:14:58.239, 0, 0, 61463, 81559, 116.49, 1980
2026/08/01 23:14:59.239, 0, 0, 61463, 81559, 116.43, 1980
2026/08/01 23:15:00.240, 0, 0, 61463, 81559, 116.43, 1980
2026/08/01 23:15:01.240, 0, 0, 61463, 81559, 116.41, 1980
2026/08/01 23:15:02.240, 0, 0, 61463, 81559, 116.44, 1980
2026/08/01 23:15:03.241, 0, 0, 61463, 81559, 116.46, 1980
2026/08/01 23:15:04.241, 0, 0, 61463, 81559, 116.47, 1980
2026/08/01 23:15:05.241, 0, 0, 61463, 81559, 116.42, 1980
2026/08/01 23:15:06.242, 0, 0, 61463, 81559, 116.45, 1980
2026/08/01 23:15:07.243, 0, 0, 61463, 81559, 116.39, 1980
2026/08/01 23:15:08.243, 0, 0, 61463, 81559, 116.36, 1980
2026/08/01 23:15:09.243, 0, 0, 61465, 81559, 116.55, 1980
2026/08/01 23:15:10.243, 0, 0, 61465, 81559, 116.46, 1980
2026/08/01 23:15:11.244, 0, 0, 61465, 81559, 116.43, 1980
2026/08/01 23:15:12.244, 0, 0, 61465, 81559, 116.47, 1980
2026/08/01 23:15:13.245, 0, 0, 61465, 81559, 116.44, 1980
2026/08/01 23:15:14.245, 0, 0, 61465, 81559, 116.44, 1980
2026/08/01 23:15:15.245, 0, 0, 61465, 81559, 116.46, 1980
2026/08/01 23:15:16.245, 0, 0, 61465, 81559, 116.42, 1980
2026/08/01 23:15:17.246, 0, 0, 61465, 81559, 116.43, 1980
2026/08/01 23:15:18.246, 0, 0, 61465, 81559, 116.40, 1980
2026/08/01 23:15:19.246, 0, 0, 61465, 81559, 116.39, 1980
2026/08/01 23:15:20.247, 0, 0, 61465, 81559, 116.43, 1980
2026/08/01 23:15:21.248, 0, 0, 61465, 81559, 116.41, 1980
2026/08/01 23:15:22.248, 0, 0, 61465, 81559, 116.46, 1980
2026/08/01 23:15:23.248, 0, 0, 61465, 81559, 116.42, 1980
2026/08/01 23:15:24.249, 0, 0, 61465, 81559, 116.42, 1980
2026/08/01 23:15:25.249, 0, 0, 61467, 81559, 116.44, 1980
2026/08/01 23:15:26.249, 0, 0, 61467, 81559, 116.41, 1980
2026/08/01 23:15:27.250, 0, 0, 61467, 81559, 116.39, 1980
2026/08/01 23:15:28.250, 0, 0, 61467, 81559, 116.43, 1980
2026/08/01 23:15:29.251, 0, 0, 61467, 81559, 116.42, 1980
2026/08/01 23:15:30.251, 0, 0, 61467, 81559, 116.45, 1980
2026/08/01 23:15:31.251, 0, 0, 61467, 81559, 116.37, 1980
2026/08/01 23:15:32.252, 0, 0, 61467, 81559, 116.44, 1980
2026/08/01 23:15:33.252, 0, 0, 61467, 81559, 116.41, 1980
2026/08/01 23:15:34.252, 0, 0, 61467, 81559, 116.47, 1980
2026/08/01 23:15:35.253, 0, 0, 61467, 81559, 116.42, 1980
2026/08/01 23:15:36.253, 0, 0, 61467, 81559, 116.47, 1980
2026/08/01 23:15:37.254, 0, 0, 61467, 81559, 116.37, 1980
2026/08/01 23:15:38.254, 0, 0, 61467, 81559, 116.46, 1980
2026/08/01 23:15:39.254, 0, 0, 61467, 81559, 116.46, 1980
2026/08/01 23:15:40.255, 0, 0, 61467, 81559, 116.54, 1980
2026/08/01 23:15:41.256, 0, 0, 61467, 81559, 116.40, 1980
2026/08/01 23:15:42.256, 0, 0, 61469, 81559, 116.44, 1980
2026/08/01 23:15:43.256, 0, 0, 61469, 81559, 116.42, 1980
2026/08/01 23:15:44.257, 0, 0, 61469, 81559, 116.42, 1980
2026/08/01 23:15:45.257, 0, 0, 61469, 81559, 116.51, 1980
2026/08/01 23:15:46.258, 0, 0, 61469, 81559, 116.38, 1980
2026/08/01 23:15:47.258, 0, 0, 61469, 81559, 116.42, 1980
2026/08/01 23:15:48.259, 0, 0, 61469, 81559, 116.46, 1980
2026/08/01 23:15:49.259, 0, 0, 61469, 81559, 116.37, 1980
2026/08/01 23:15:50.259, 0, 0, 61469, 81559, 116.37, 1980
2026/08/01 23:15:51.260, 0, 0, 61469, 81559, 116.39, 1980
2026/08/01 23:15:52.260, 0, 0, 61469, 81559, 116.47, 1980
2026/08/01 23:15:53.260, 0, 0, 61469, 81559, 116.40, 1980
2026/08/01 23:15:54.261, 0, 0, 61469, 81559, 116.47, 1980
2026/08/01 23:15:55.261, 0, 0, 61469, 81559, 116.49, 1980
2026/08/01 23:15:56.261, 0, 0, 61469, 81559, 116.46, 1980
2026/08/01 23:15:57.262, 0, 0, 61469, 81559, 116.43, 1980
2026/08/01 23:15:58.262, 0, 0, 61469, 81559, 116.43, 1980
2026/08/01 23:15:59.263, 0, 0, 61469, 81559, 116.44, 1980
2026/08/01 23:16:00.263, 0, 0, 61469, 81559, 116.39, 1980
2026/08/01 23:16:01.295, 0, 0, 61469, 81559, 116.41, 1980
2026/08/01 23:16:02.295, 0, 0, 61469, 81559, 116.68, 1980
2026/08/01 23:16:03.295, 4, 1, 61469, 81559, 121.31, 1980
2026/08/01 23:16:04.296, 43, 0, 61469, 81559, 143.74, 1980
2026/08/01 23:16:05.296, 25, 0, 61469, 81559, 136.37, 1980
2026/08/01 23:16:06.297, 13, 1, 61469, 81559, 144.67, 1980
2026/08/01 23:16:07.297, 9, 2, 61471, 81559, 180.46, 1980
2026/08/01 23:16:08.297, 0, 0, 61471, 81559, 223.02, 1980
2026/08/01 23:16:09.298, 0, 0, 61471, 81559, 120.64, 1980
2026/08/01 23:16:10.298, 0, 0, 61471, 81559, 116.60, 1980
2026/08/01 23:16:11.298, 0, 0, 61471, 81559, 116.56, 1980
2026/08/01 23:16:12.299, 100, 63, 61473, 81559, 251.40, 1980
2026/08/01 23:16:13.299, 100, 64, 61473, 81559, 560.02, 1980
2026/08/01 23:16:14.300, 100, 64, 61473, 81559, 566.79, 1980
2026/08/01 23:16:15.300, 100, 64, 61473, 81559, 570.29, 1980
2026/08/01 23:16:16.300, 100, 64, 61473, 81559, 559.53, 1980
2026/08/01 23:16:17.301, 59, 41, 61473, 81559, 486.87, 1980
2026/08/01 23:16:18.301, 0, 0, 61473, 81559, 118.78, 1980
2026/08/01 23:16:19.301, 0, 0, 61473, 81559, 118.13, 1980
2026/08/01 23:16:20.302, 0, 0, 61473, 81559, 117.87, 1980
2026/08/01 23:16:21.303, 0, 0, 61473, 81559, 117.57, 1980
2026/08/01 23:16:22.303, 0, 0, 61473, 81559, 117.24, 1980
2026/08/01 23:16:23.304, 0, 0, 61473, 81559, 117.19, 1980
2026/08/01 23:16:24.304, 0, 0, 61473, 81559, 117.13, 1980
2026/08/01 23:16:25.304, 0, 0, 61473, 81559, 117.08, 1980
2026/08/01 23:16:26.305, 0, 0, 61473, 81559, 117.06, 1980
2026/08/01 23:16:27.305, 0, 0, 61473, 81559, 117.03, 1980
2026/08/01 23:16:28.306, 0, 0, 61473, 81559, 116.99, 1980
2026/08/01 23:16:29.306, 0, 0, 61473, 81559, 116.92, 1980
2026/08/01 23:16:30.306, 0, 0, 61473, 81559, 116.89, 1980
2026/08/01 23:16:31.307, 1, 0, 61473, 81559, 117.08, 1980
2026/08/01 23:16:32.307, 0, 0, 61475, 81559, 118.53, 1980
2026/08/01 23:16:33.311, 0, 0, 61475, 81559, 116.84, 1980
2026/08/01 23:16:34.311, 0, 0, 61475, 81559, 116.72, 1980
2026/08/01 23:16:35.311, 0, 0, 61475, 81559, 116.79, 1980
2026/08/01 23:16:36.312, 0, 0, 61475, 81559, 118.96, 1980
2026/08/01 23:16:37.395, 4, 1, 61475, 81559, 129.83, 1980
2026/08/01 23:16:38.395, 1, 0, 61475, 81559, 135.80, 1980
2026/08/01 23:16:39.395, 3, 1, 61477, 81559, 122.92, 1980
2026/08/01 23:16:40.396, 1, 0, 61477, 81559, 117.23, 1980
2026/08/01 23:16:41.396, 0, 0, 61477, 81559, 117.85, 1980
2026/08/01 23:16:42.397, 0, 0, 61477, 81559, 116.97, 1980
2026/08/01 23:16:43.397, 0, 0, 61477, 81559, 118.47, 1980
2026/08/01 23:16:44.397, 1, 0, 61477, 81559, 122.25, 1980
2026/08/01 23:16:45.398, 2, 1, 61477, 81559, 122.79, 1980
2026/08/01 23:16:46.398, 1, 0, 61477, 81559, 117.64, 1980
2026/08/01 23:16:47.399, 5, 1, 61477, 81559, 122.30, 1980
2026/08/01 23:16:48.399, 16, 1, 61479, 81559, 130.13, 1980
2026/08/01 23:16:49.399, 60, 49, 61479, 81559, 185.86, 1980
2026/08/01 23:16:50.400, 25, 5, 61479, 81559, 420.34, 1980
2026/08/01 23:16:51.400, 59, 53, 61479, 81559, 346.16, 1980
2026/08/01 23:16:52.400, 84, 2, 61481, 81559, 309.32, 1980
2026/08/01 23:16:53.401, 22, 3, 61481, 81559, 184.05, 1980
2026/08/01 23:16:54.401, 0, 0, 61483, 81559, 139.24, 1980
2026/08/01 23:16:55.401, 0, 0, 61483, 81559, 117.11, 1980
2026/08/01 23:16:56.402, 0, 0, 61483, 81559, 117.03, 1980
2026/08/01 23:16:57.402, 0, 0, 61483, 81559, 116.92, 1980
2026/08/01 23:16:58.402, 0, 0, 61483, 81559, 116.89, 1980
2026/08/01 23:16:59.403, 100, 83, 61489, 81559, 341.09, 1980
2026/08/01 23:17:00.403, 100, 83, 61489, 81559, 619.27, 1980
2026/08/01 23:17:01.403, 100, 83, 61489, 81559, 623.19, 1980
2026/08/01 23:17:02.404, 100, 84, 61489, 81559, 621.63, 1980
2026/08/01 23:17:03.404, 0, 0, 61489, 81559, 144.95, 1980
2026/08/01 23:17:04.404, 100, 64, 61493, 81559, 248.84, 1980
2026/08/01 23:17:05.405, 100, 64, 61493, 81559, 555.67, 1980
2026/08/01 23:17:06.405, 100, 64, 61493, 81559, 564.41, 1980
2026/08/01 23:17:07.405, 100, 64, 61493, 81559, 571.29, 1980
2026/08/01 23:17:08.406, 100, 63, 61493, 81559, 558.18, 1980
2026/08/01 23:17:09.406, 91, 60, 61493, 81559, 492.42, 1980
2026/08/01 23:17:10.406, 0, 0, 61493, 81559, 119.81, 1980
2026/08/01 23:17:11.407, 0, 0, 61493, 81559, 119.19, 1980
2026/08/01 23:17:12.407, 100, 84, 61499, 81559, 308.93, 1980
2026/08/01 23:17:13.407, 100, 83, 61499, 81559, 624.71, 1980
2026/08/01 23:17:14.408, 100, 83, 61499, 81559, 626.31, 1980
2026/08/01 23:17:15.408, 100, 84, 61499, 81559, 631.22, 1980
2026/08/01 23:17:16.408, 100, 64, 61499, 81559, 431.51, 1980
2026/08/01 23:17:17.409, 100, 64, 61499, 81559, 574.92, 1980
2026/08/01 23:17:18.409, 100, 64, 61499, 81559, 567.34, 1980
2026/08/01 23:17:19.409, 100, 64, 61499, 81559, 568.00, 1980
2026/08/01 23:17:20.409, 100, 64, 61499, 81559, 571.22, 1980
2026/08/01 23:17:21.410, 100, 83, 61503, 81559, 590.58, 1980
2026/08/01 23:17:22.410, 100, 84, 61503, 81559, 634.44, 1980
2026/08/01 23:17:23.410, 100, 83, 61503, 81559, 633.59, 1980
2026/08/01 23:17:24.411, 100, 83, 61503, 81559, 636.97, 1980
2026/08/01 23:17:25.411, 100, 64, 61503, 81559, 570.65, 1980
2026/08/01 23:17:26.412, 100, 64, 61503, 81559, 580.03, 1980
2026/08/01 23:17:27.412, 100, 64, 61503, 81559, 569.17, 1980
2026/08/01 23:17:28.412, 100, 64, 61503, 81559, 570.47, 1980
2026/08/01 23:17:29.412, 100, 64, 61503, 81559, 575.59, 1980
2026/08/01 23:17:30.413, 100, 83, 61503, 81559, 617.93, 1980
2026/08/01 23:17:31.413, 100, 84, 61503, 81559, 638.48, 1980
2026/08/01 23:17:32.413, 100, 83, 61503, 81559, 640.69, 1980
2026/08/01 23:17:33.413, 100, 64, 61503, 81559, 614.90, 1980
2026/08/01 23:17:34.413, 100, 64, 61503, 81559, 575.25, 1980
2026/08/01 23:17:35.414, 100, 64, 61503, 81559, 579.28, 1980
2026/08/01 23:17:36.414, 100, 64, 61503, 81559, 580.47, 1980
2026/08/01 23:17:37.414, 100, 64, 61503, 81559, 582.61, 1980
2026/08/01 23:17:38.414, 96, 70, 61503, 81559, 578.90, 1980
2026/08/01 23:17:39.415, 100, 83, 61503, 81559, 641.57, 1980
2026/08/01 23:17:40.415, 100, 84, 61503, 81559, 640.82, 1980
2026/08/01 23:17:41.415, 100, 83, 61503, 81559, 642.34, 1980
2026/08/01 23:17:42.416, 100, 64, 61503, 81559, 592.13, 1980
2026/08/01 23:17:43.416, 100, 63, 61503, 81559, 572.98, 1980
2026/08/01 23:17:44.416, 100, 64, 61503, 81559, 577.74, 1980
2026/08/01 23:17:45.417, 100, 64, 61503, 81559, 587.01, 1980
2026/08/01 23:17:46.417, 100, 63, 61503, 81559, 579.60, 1980
2026/08/01 23:17:47.417, 100, 84, 61503, 81559, 613.84, 1980
2026/08/01 23:17:48.417, 100, 83, 61503, 81559, 643.77, 1980
2026/08/01 23:17:49.418, 100, 83, 61503, 81559, 644.19, 1980
2026/08/01 23:17:50.418, 100, 84, 61503, 81559, 629.70, 1980
2026/08/01 23:17:51.418, 100, 64, 61503, 81559, 578.28, 1980
2026/08/01 23:17:52.419, 100, 64, 61503, 81559, 578.16, 1980
2026/08/01 23:17:53.419, 100, 64, 61503, 81559, 578.79, 1980
2026/08/01 23:17:54.419, 100, 64, 61503, 81559, 581.42, 1980
2026/08/01 23:17:55.419, 100, 64, 61503, 81559, 580.41, 1980
2026/08/01 23:17:56.420, 100, 84, 61503, 81559, 635.20, 1980
2026/08/01 23:17:57.420, 100, 83, 61503, 81559, 645.40, 1980
2026/08/01 23:17:58.421, 100, 83, 61503, 81559, 644.54, 1980
2026/08/01 23:17:59.421, 100, 64, 61503, 81559, 611.67, 1980
2026/08/01 23:18:00.421, 100, 64, 61503, 81559, 582.46, 1980
2026/08/01 23:18:01.422, 100, 63, 61503, 81559, 583.12, 1980
2026/08/01 23:18:02.422, 100, 63, 61503, 81559, 579.92, 1980
2026/08/01 23:18:03.422, 100, 64, 61503, 81559, 581.67, 1980
2026/08/01 23:18:04.422, 100, 83, 61503, 81559, 599.11, 1980
2026/08/01 23:18:05.423, 100, 83, 61503, 81559, 642.68, 1980
2026/08/01 23:18:06.423, 100, 84, 61503, 81559, 645.04, 1980
2026/08/01 23:18:07.423, 100, 83, 61503, 81559, 643.47, 1980
2026/08/01 23:18:08.423, 100, 64, 61503, 81559, 580.35, 1980
2026/08/01 23:18:09.424, 100, 64, 61503, 81559, 584.61, 1980
2026/08/01 23:18:10.424, 100, 64, 61503, 81559, 581.68, 1980
2026/08/01 23:18:11.424, 100, 63, 61503, 81559, 578.38, 1980
2026/08/01 23:18:12.424, 100, 64, 61503, 81559, 577.09, 1980
2026/08/01 23:18:13.425, 100, 83, 61503, 81559, 625.34, 1980
2026/08/01 23:18:14.425, 100, 84, 61503, 81559, 643.21, 1980
2026/08/01 23:18:15.425, 100, 84, 61503, 81559, 640.56, 1980
2026/08/01 23:18:16.426, 100, 64, 61503, 81559, 618.22, 1980
2026/08/01 23:18:17.426, 100, 64, 61503, 81559, 583.26, 1980
2026/08/01 23:18:18.426, 100, 63, 61503, 81559, 575.03, 1980
2026/08/01 23:18:19.427, 100, 64, 61503, 81559, 579.15, 1980
2026/08/01 23:18:20.427, 100, 64, 61503, 81559, 584.49, 1980
2026/08/01 23:18:21.427, 91, 67, 61503, 81559, 589.68, 1980
2026/08/01 23:18:22.428, 100, 83, 61503, 81559, 645.51, 1980
2026/08/01 23:18:23.428, 100, 85, 61503, 81559, 642.11, 1980
2026/08/01 23:18:24.429, 100, 83, 61503, 81559, 640.60, 1980
2026/08/01 23:18:25.429, 100, 64, 61503, 81559, 597.66, 1980
2026/08/01 23:18:26.430, 100, 64, 61503, 81559, 577.95, 1980
2026/08/01 23:18:27.430, 100, 64, 61503, 81559, 584.94, 1980
2026/08/01 23:18:28.430, 100, 64, 61503, 81559, 584.69, 1980
2026/08/01 23:18:29.431, 100, 63, 61503, 81559, 575.56, 1980
2026/08/01 23:18:30.431, 100, 83, 61503, 81559, 611.38, 1980
2026/08/01 23:18:31.431, 100, 85, 61503, 81559, 643.55, 1980
2026/08/01 23:18:32.432, 100, 83, 61503, 81559, 644.20, 1980
2026/08/01 23:18:33.432, 100, 83, 61503, 81559, 634.76, 1980
2026/08/01 23:18:34.432, 100, 64, 61503, 81559, 580.00, 1980
2026/08/01 23:18:35.433, 100, 63, 61503, 81559, 575.25, 1980
2026/08/01 23:18:36.433, 100, 64, 61503, 81559, 582.01, 1980
2026/08/01 23:18:37.433, 100, 64, 61503, 81559, 588.05, 1980
2026/08/01 23:18:38.433, 100, 64, 61503, 81559, 577.92, 1980
2026/08/01 23:18:39.434, 100, 83, 61503, 81559, 630.95, 1980
2026/08/01 23:18:40.434, 100, 85, 61503, 81559, 644.86, 1980
2026/08/01 23:18:41.434, 100, 83, 61503, 81559, 642.34, 1980
2026/08/01 23:18:42.434, 100, 64, 61503, 81559, 602.27, 1980
2026/08/01 23:18:43.435, 100, 64, 61503, 81559, 583.67, 1980
2026/08/01 23:18:44.435, 100, 64, 61503, 81559, 583.25, 1980
2026/08/01 23:18:45.435, 100, 64, 61503, 81559, 584.05, 1980
2026/08/01 23:18:46.436, 100, 64, 61503, 81559, 579.70, 1980
2026/08/01 23:18:47.436, 100, 83, 61503, 81559, 589.98, 1980
2026/08/01 23:18:48.436, 100, 83, 61503, 81559, 641.06, 1980
2026/08/01 23:18:49.436, 100, 84, 61503, 81559, 642.19, 1980
2026/08/01 23:18:50.437, 100, 84, 61503, 81559, 642.95, 1980
2026/08/01 23:18:51.437, 100, 64, 61503, 81559, 580.64, 1980
2026/08/01 23:18:52.437, 100, 64, 61503, 81559, 587.79, 1980
2026/08/01 23:18:53.438, 100, 63, 61503, 81559, 573.59, 1980
2026/08/01 23:18:54.438, 100, 64, 61503, 81559, 579.54, 1980
2026/08/01 23:18:55.438, 100, 64, 61503, 81559, 585.16, 1980
2026/08/01 23:18:56.439, 100, 83, 61503, 81559, 612.68, 1980
2026/08/01 23:18:57.439, 100, 83, 61503, 81559, 645.96, 1980
2026/08/01 23:18:58.440, 100, 83, 61503, 81559, 645.53, 1980
2026/08/01 23:18:59.440, 92, 67, 61503, 81559, 625.94, 1980
2026/08/01 23:19:00.440, 100, 64, 61503, 81559, 585.81, 1980
2026/08/01 23:19:01.441, 100, 64, 61503, 81559, 581.85, 1980
2026/08/01 23:19:02.441, 100, 63, 61503, 81559, 575.78, 1980
2026/08/01 23:19:03.441, 100, 64, 61503, 81559, 586.60, 1980
2026/08/01 23:19:04.442, 100, 64, 61503, 81559, 564.40, 1980
2026/08/01 23:19:05.442, 100, 83, 61503, 81559, 637.39, 1980
2026/08/01 23:19:06.442, 100, 83, 61503, 81559, 642.21, 1980
2026/08/01 23:19:07.443, 100, 84, 61503, 81559, 642.14, 1980
2026/08/01 23:19:08.443, 100, 64, 61503, 81559, 603.64, 1980
2026/08/01 23:19:09.443, 100, 64, 61503, 81559, 585.81, 1980
2026/08/01 23:19:10.444, 100, 63, 61503, 81559, 578.65, 1980
2026/08/01 23:19:11.447, 100, 64, 61503, 81559, 577.55, 1980
2026/08/01 23:19:12.448, 100, 64, 61503, 81559, 582.21, 1980
2026/08/01 23:19:13.448, 100, 83, 61503, 81559, 602.37, 1980
2026/08/01 23:19:14.448, 100, 83, 61503, 81559, 644.88, 1980
2026/08/01 23:19:15.449, 100, 83, 61503, 81559, 644.28, 1980
2026/08/01 23:19:16.449, 100, 84, 61503, 81559, 642.38, 1980
2026/08/01 23:19:17.450, 100, 64, 61503, 81559, 573.19, 1980
2026/08/01 23:19:18.450, 100, 64, 61503, 81559, 580.71, 1980
2026/08/01 23:19:19.450, 100, 64, 61503, 81559, 581.94, 1980
2026/08/01 23:19:20.450, 100, 64, 61503, 81559, 582.71, 1980
2026/08/01 23:19:21.451, 100, 64, 61503, 81559, 584.79, 1980
2026/08/01 23:19:22.451, 100, 83, 61503, 81559, 618.50, 1980
2026/08/01 23:19:23.452, 100, 83, 61503, 81559, 645.00, 1980
2026/08/01 23:19:24.452, 100, 83, 61503, 81559, 643.75, 1980
2026/08/01 23:19:25.452, 100, 64, 61503, 81559, 615.98, 1980
2026/08/01 23:19:26.453, 100, 64, 61503, 81559, 581.71, 1980
2026/08/01 23:19:27.453, 100, 64, 61503, 81559, 586.28, 1980
2026/08/01 23:19:28.453, 100, 64, 61503, 81559, 582.61, 1980
2026/08/01 23:19:29.454, 100, 63, 61503, 81559, 577.21, 1980
2026/08/01 23:19:30.454, 94, 67, 61503, 81559, 586.12, 1980
2026/08/01 23:19:31.454, 100, 83, 61503, 81559, 640.06, 1980
2026/08/01 23:19:32.455, 100, 83, 61503, 81559, 647.42, 1980
2026/08/01 23:19:33.455, 100, 83, 61503, 81559, 646.24, 1980
2026/08/01 23:19:34.455, 100, 63, 61503, 81559, 591.30, 1980
2026/08/01 23:19:35.456, 100, 64, 61503, 81559, 582.24, 1980
2026/08/01 23:19:36.456, 100, 64, 61503, 81559, 583.29, 1980
2026/08/01 23:19:37.456, 100, 64, 61503, 81559, 587.63, 1980
2026/08/01 23:19:38.457, 100, 64, 61503, 81559, 587.06, 1980
2026/08/01 23:19:39.457, 100, 84, 61503, 81559, 600.60, 1980
2026/08/01 23:19:40.457, 100, 83, 61503, 81559, 644.40, 1980
2026/08/01 23:19:41.457, 100, 83, 61503, 81559, 644.81, 1980
2026/08/01 23:19:42.458, 100, 83, 61503, 81559, 633.60, 1980
2026/08/01 23:19:43.458, 100, 64, 61503, 81559, 585.77, 1980
2026/08/01 23:19:44.458, 100, 64, 61503, 81559, 581.93, 1980
2026/08/01 23:19:45.459, 100, 63, 61503, 81559, 582.13, 1980
2026/08/01 23:19:46.459, 100, 63, 61503, 81559, 581.55, 1980
2026/08/01 23:19:47.459, 100, 64, 61503, 81559, 583.38, 1980
2026/08/01 23:19:48.460, 100, 84, 61503, 81559, 635.57, 1980
2026/08/01 23:19:49.460, 100, 83, 61503, 81559, 643.64, 1980
2026/08/01 23:19:50.461, 100, 83, 61503, 81559, 647.36, 1980
2026/08/01 23:19:51.461, 96, 36, 61509, 81559, 530.24, 1980
2026/08/01 23:19:52.461, 100, 64, 61509, 81559, 479.26, 1980
2026/08/01 23:19:53.461, 100, 64, 61509, 81559, 582.28, 1980
2026/08/01 23:19:54.462, 100, 64, 61509, 81559, 590.25, 1980
2026/08/01 23:19:55.462, 100, 63, 61509, 81559, 575.20, 1980
2026/08/01 23:19:56.462, 100, 64, 61509, 81559, 581.21, 1980
2026/08/01 23:19:57.462, 100, 83, 61509, 81559, 605.64, 1980
2026/08/01 23:19:58.462, 100, 84, 61509, 81559, 643.15, 1980
2026/08/01 23:19:59.463, 100, 84, 61509, 81559, 644.44, 1980
2026/08/01 23:20:00.463, 100, 83, 61509, 81559, 645.60, 1980
2026/08/01 23:20:01.463, 100, 64, 61509, 81559, 579.52, 1980
2026/08/01 23:20:02.464, 100, 64, 61509, 81559, 585.47, 1980
2026/08/01 23:20:03.464, 100, 63, 61509, 81559, 583.22, 1980
2026/08/01 23:20:04.465, 100, 64, 61509, 81559, 581.03, 1980
2026/08/01 23:20:05.465, 100, 64, 61509, 81559, 585.01, 1980
2026/08/01 23:20:06.465, 100, 84, 61509, 81559, 626.42, 1980
2026/08/01 23:20:07.465, 100, 84, 61509, 81559, 644.19, 1980
2026/08/01 23:20:08.466, 100, 83, 61509, 81559, 643.54, 1980
2026/08/01 23:20:09.466, 100, 63, 61509, 81559, 615.49, 1980
2026/08/01 23:20:10.466, 100, 64, 61509, 81559, 582.03, 1980
2026/08/01 23:20:11.467, 100, 64, 61509, 81559, 588.79, 1980
2026/08/01 23:20:12.467, 100, 64, 61509, 81559, 584.56, 1980
2026/08/01 23:20:13.467, 100, 64, 61509, 81559, 579.61, 1980
2026/08/01 23:20:14.468, 92, 71, 61509, 81559, 596.00, 1980
2026/08/01 23:20:15.468, 100, 83, 61509, 81559, 644.59, 1980
2026/08/01 23:20:16.468, 100, 83, 61509, 81559, 643.30, 1980
2026/08/01 23:20:17.468, 100, 83, 61509, 81559, 645.86, 1980
2026/08/01 23:20:18.469, 100, 64, 61509, 81559, 591.14, 1980
2026/08/01 23:20:19.469, 100, 64, 61509, 81559, 590.19, 1980
2026/08/01 23:20:20.470, 100, 63, 61509, 81559, 579.48, 1980
2026/08/01 23:20:21.470, 100, 64, 61509, 81559, 580.47, 1980
2026/08/01 23:20:22.470, 100, 64, 61509, 81559, 587.47, 1980
2026/08/01 23:20:23.470, 100, 84, 61509, 81559, 611.37, 1980
2026/08/01 23:20:24.471, 100, 83, 61509, 81559, 644.14, 1980
2026/08/01 23:20:25.471, 100, 83, 61509, 81559, 645.46, 1980
2026/08/01 23:20:26.471, 100, 84, 61509, 81559, 629.85, 1980
2026/08/01 23:20:27.471, 100, 64, 61509, 81559, 581.89, 1980
2026/08/01 23:20:28.472, 100, 64, 61509, 81559, 587.20, 1980
2026/08/01 23:20:29.472, 100, 64, 61509, 81559, 593.81, 1980
2026/08/01 23:20:30.472, 100, 63, 61509, 81559, 584.10, 1980
2026/08/01 23:20:31.472, 100, 64, 61509, 81559, 576.47, 1980
2026/08/01 23:20:32.473, 100, 83, 61509, 81559, 636.10, 1980
2026/08/01 23:20:33.473, 100, 83, 61509, 81559, 643.85, 1980
2026/08/01 23:20:34.473, 100, 83, 61509, 81559, 647.14, 1980
2026/08/01 23:20:35.473, 100, 63, 61509, 81559, 606.14, 1980
2026/08/01 23:20:36.474, 100, 64, 61509, 81559, 583.05, 1980
2026/08/01 23:20:37.474, 100, 64, 61509, 81559, 593.67, 1980
2026/08/01 23:20:38.474, 100, 64, 61509, 81559, 574.31, 1980
2026/08/01 23:20:39.475, 100, 64, 61509, 81559, 587.12, 1980
2026/08/01 23:20:40.475, 100, 83, 61509, 81559, 601.71, 1980
2026/08/01 23:20:41.475, 100, 83, 61509, 81559, 646.64, 1980
2026/08/01 23:20:42.475, 100, 84, 61509, 81559, 645.89, 1980
2026/08/01 23:20:43.476, 100, 84, 61509, 81559, 648.04, 1980
2026/08/01 23:20:44.476, 100, 64, 61509, 81559, 579.05, 1980
2026/08/01 23:20:45.476, 100, 64, 61509, 81559, 590.14, 1980
2026/08/01 23:20:46.477, 100, 64, 61509, 81559, 589.33, 1980
2026/08/01 23:20:47.477, 100, 63, 61509, 81559, 578.21, 1980
2026/08/01 23:20:48.478, 100, 64, 61509, 81559, 588.99, 1980
2026/08/01 23:20:49.478, 100, 83, 61509, 81559, 620.54, 1980
2026/08/01 23:20:50.478, 100, 84, 61509, 81559, 644.27, 1980
2026/08/01 23:20:51.478, 100, 83, 61509, 81559, 647.25, 1980
2026/08/01 23:20:52.479, 93, 66, 61509, 81559, 627.20, 1980
2026/08/01 23:20:53.479, 100, 64, 61509, 81559, 593.67, 1980
2026/08/01 23:20:54.480, 100, 63, 61509, 81559, 587.50, 1980
2026/08/01 23:20:55.480, 100, 64, 61509, 81559, 580.23, 1980
2026/08/01 23:20:56.480, 100, 64, 61509, 81559, 591.81, 1980
2026/08/01 23:20:57.481, 100, 64, 61509, 81559, 589.86, 1980
2026/08/01 23:20:58.481, 100, 84, 61509, 81559, 646.17, 1980
2026/08/01 23:20:59.481, 100, 83, 61509, 81559, 647.23, 1980
2026/08/01 23:21:00.482, 100, 83, 61509, 81559, 651.34, 1980
2026/08/01 23:21:01.482, 100, 64, 61509, 81559, 613.71, 1980
2026/08/01 23:21:02.482, 100, 63, 61509, 81559, 582.52, 1980
2026/08/01 23:21:03.483, 100, 64, 61509, 81559, 585.69, 1980
2026/08/01 23:21:04.483, 100, 64, 61509, 81559, 591.08, 1980
2026/08/01 23:21:05.483, 100, 64, 61509, 81559, 594.49, 1980
2026/08/01 23:21:06.483, 100, 83, 61509, 81559, 598.83, 1980
2026/08/01 23:21:07.484, 100, 83, 61509, 81559, 647.68, 1980
2026/08/01 23:21:08.484, 100, 84, 61509, 81559, 649.54, 1980
2026/08/01 23:21:09.484, 100, 83, 61509, 81559, 649.99, 1980
2026/08/01 23:21:10.484, 100, 64, 61509, 81559, 573.80, 1980
2026/08/01 23:21:11.485, 100, 64, 61509, 81559, 591.04, 1980
2026/08/01 23:21:12.485, 100, 64, 61509, 81559, 591.06, 1980
2026/08/01 23:21:13.485, 100, 63, 61509, 81559, 581.10, 1980
2026/08/01 23:21:14.485, 100, 64, 61509, 81559, 585.78, 1980
2026/08/01 23:21:15.485, 100, 83, 61509, 81559, 629.59, 1980
2026/08/01 23:21:16.486, 100, 84, 61509, 81559, 648.41, 1980
2026/08/01 23:21:17.486, 100, 83, 61509, 81559, 647.60, 1980
2026/08/01 23:21:18.486, 100, 63, 61509, 81559, 616.75, 1980
2026/08/01 23:21:19.487, 100, 64, 61509, 81559, 585.77, 1980
2026/08/01 23:21:20.487, 100, 64, 61509, 81559, 593.05, 1980
2026/08/01 23:21:21.487, 100, 64, 61509, 81559, 586.58, 1980
2026/08/01 23:21:22.488, 100, 63, 61509, 81559, 582.13, 1980
2026/08/01 23:21:23.488, 95, 70, 61509, 81559, 596.91, 1980
2026/08/01 23:21:24.488, 100, 84, 61509, 81559, 646.93, 1980
2026/08/01 23:21:25.489, 100, 84, 61509, 81559, 647.12, 1980
2026/08/01 23:21:26.489, 100, 83, 61509, 81559, 647.34, 1980
2026/08/01 23:21:27.489, 100, 64, 61509, 81559, 586.92, 1980
2026/08/01 23:21:28.490, 100, 64, 61509, 81559, 592.28, 1980
2026/08/01 23:21:29.490, 100, 64, 61509, 81559, 589.31, 1980
2026/08/01 23:21:30.490, 100, 64, 61509, 81559, 582.64, 1980
2026/08/01 23:21:31.490, 100, 64, 61509, 81559, 589.20, 1980
2026/08/01 23:21:32.491, 100, 84, 61509, 81559, 617.58, 1980
2026/08/01 23:21:33.491, 100, 83, 61509, 81559, 648.53, 1980
2026/08/01 23:21:34.491, 100, 83, 61509, 81559, 651.41, 1980
2026/08/01 23:21:35.491, 100, 83, 61509, 81559, 632.28, 1980
2026/08/01 23:21:36.492, 100, 64, 61509, 81559, 595.31, 1980
2026/08/01 23:21:37.492, 100, 64, 61509, 81559, 578.92, 1980
2026/08/01 23:21:38.493, 100, 64, 61509, 81559, 583.42, 1980
2026/08/01 23:21:39.493, 100, 64, 61509, 81559, 592.40, 1980
2026/08/01 23:21:40.493, 100, 64, 61509, 81559, 587.73, 1980
2026/08/01 23:21:41.494, 100, 83, 61509, 81559, 641.53, 1980
2026/08/01 23:21:42.494, 100, 83, 61509, 81559, 649.23, 1980
2026/08/01 23:21:43.494, 100, 84, 61509, 81559, 649.57, 1980
2026/08/01 23:21:44.495, 100, 63, 61509, 81559, 614.31, 1980
2026/08/01 23:21:45.495, 100, 64, 61509, 81559, 583.58, 1980
2026/08/01 23:21:46.495, 100, 64, 61509, 81559, 588.92, 1980
2026/08/01 23:21:47.495, 100, 64, 61509, 81559, 594.82, 1980
2026/08/01 23:21:48.496, 100, 64, 61509, 81559, 586.89, 1980
2026/08/01 23:21:49.496, 100, 83, 61509, 81559, 597.54, 1980
2026/08/01 23:21:50.499, 100, 83, 61509, 81559, 650.71, 1980
2026/08/01 23:21:51.499, 100, 84, 61509, 81559, 650.13, 1980
2026/08/01 23:21:52.500, 100, 83, 61509, 81559, 651.88, 1980
2026/08/01 23:21:53.500, 100, 64, 61509, 81559, 598.06, 1980
2026/08/01 23:21:54.500, 100, 64, 61509, 81559, 580.46, 1980
2026/08/01 23:21:55.500, 100, 64, 61509, 81559, 593.21, 1980
2026/08/01 23:21:56.501, 100, 64, 61509, 81559, 590.06, 1980
2026/08/01 23:21:57.501, 100, 64, 61509, 81559, 581.94, 1980
2026/08/01 23:21:58.501, 100, 83, 61509, 81559, 628.48, 1980
2026/08/01 23:21:59.502, 100, 84, 61509, 81559, 651.14, 1980
2026/08/01 23:22:00.502, 100, 83, 61509, 81559, 651.98, 1980
2026/08/01 23:22:01.502, 100, 64, 61509, 81559, 621.86, 1980
2026/08/01 23:22:02.503, 100, 64, 61509, 81559, 599.44, 1980
2026/08/01 23:22:03.503, 100, 63, 61509, 81559, 582.30, 1980
2026/08/01 23:22:04.503, 100, 64, 61509, 81559, 585.98, 1980
2026/08/01 23:22:05.504, 100, 64, 61509, 81559, 597.41, 1980
2026/08/01 23:22:06.504, 96, 64, 61509, 81559, 580.63, 1980
2026/08/01 23:22:07.504, 100, 83, 61509, 81559, 648.85, 1980
2026/08/01 23:22:08.505, 100, 83, 61509, 81559, 652.22, 1980
2026/08/01 23:22:09.505, 100, 84, 61509, 81559, 650.73, 1980
2026/08/01 23:22:10.505, 100, 63, 61509, 81559, 607.69, 1980
2026/08/01 23:22:11.506, 100, 64, 61509, 81559, 588.90, 1980
2026/08/01 23:22:12.506, 100, 64, 61509, 81559, 597.05, 1980
2026/08/01 23:22:13.506, 100, 63, 61509, 81559, 579.16, 1980
2026/08/01 23:22:14.506, 100, 64, 61509, 81559, 590.36, 1980
2026/08/01 23:22:15.507, 100, 83, 61509, 81559, 606.76, 1980
2026/08/01 23:22:16.507, 100, 84, 61509, 81559, 651.49, 1980
2026/08/01 23:22:17.508, 100, 83, 61509, 81559, 649.64, 1980
2026/08/01 23:22:18.508, 100, 83, 61509, 81559, 648.23, 1980
2026/08/01 23:22:19.508, 100, 64, 61509, 81559, 586.18, 1980
2026/08/01 23:22:20.509, 100, 64, 61509, 81559, 591.68, 1980
2026/08/01 23:22:21.509, 100, 64, 61509, 81559, 591.60, 1980
2026/08/01 23:22:22.509, 100, 64, 61509, 81559, 585.57, 1980
2026/08/01 23:22:23.509, 100, 63, 61509, 81559, 586.00, 1980
2026/08/01 23:22:24.510, 100, 83, 61509, 81559, 639.28, 1980
2026/08/01 23:22:25.510, 100, 84, 61509, 81559, 653.65, 1980
2026/08/01 23:22:26.510, 100, 83, 61509, 81559, 654.11, 1980
2026/08/01 23:22:27.511, 100, 64, 61509, 81559, 629.69, 1980
2026/08/01 23:22:28.511, 100, 63, 61509, 81559, 580.89, 1980
2026/08/01 23:22:29.511, 100, 64, 61509, 81559, 591.54, 1980
2026/08/01 23:22:30.511, 100, 64, 61509, 81559, 598.73, 1980
2026/08/01 23:22:31.511, 100, 63, 61509, 81559, 582.53, 1980
2026/08/01 23:22:32.512, 100, 83, 61509, 81559, 602.44, 1980
2026/08/01 23:22:33.512, 100, 84, 61509, 81559, 650.36, 1980
2026/08/01 23:22:34.512, 100, 83, 61509, 81559, 649.95, 1980
2026/08/01 23:22:35.513, 100, 83, 61509, 81559, 651.75, 1980
2026/08/01 23:22:36.513, 100, 64, 61509, 81559, 594.10, 1980
2026/08/01 23:22:37.513, 100, 64, 61509, 81559, 595.70, 1980
2026/08/01 23:22:38.514, 100, 64, 61509, 81559, 583.12, 1980
2026/08/01 23:22:39.514, 100, 63, 61509, 81559, 589.27, 1980
2026/08/01 23:22:40.514, 100, 64, 61509, 81559, 598.12, 1980
2026/08/01 23:22:41.515, 100, 84, 61509, 81559, 615.49, 1980
2026/08/01 23:22:42.515, 100, 83, 61509, 81559, 650.43, 1980
2026/08/01 23:22:43.515, 100, 83, 61509, 81559, 652.03, 1980
2026/08/01 23:22:44.515, 100, 84, 61509, 81559, 624.85, 1980
2026/08/01 23:22:45.516, 100, 63, 61509, 81559, 427.03, 1980
2026/08/01 23:22:46.516, 100, 64, 61509, 81559, 586.97, 1980
2026/08/01 23:22:47.516, 100, 64, 61509, 81559, 589.00, 1980
2026/08/01 23:22:48.517, 100, 64, 61509, 81559, 597.43, 1980
2026/08/01 23:22:49.517, 100, 63, 61509, 81559, 581.62, 1980
2026/08/01 23:22:50.517, 89, 64, 61509, 81559, 599.81, 1980
2026/08/01 23:22:51.518, 100, 84, 61509, 81559, 651.65, 1980
2026/08/01 23:22:52.518, 100, 83, 61509, 81559, 651.81, 1980
2026/08/01 23:22:53.518, 100, 83, 61509, 81559, 649.68, 1980
2026/08/01 23:22:54.518, 100, 63, 61509, 81559, 602.97, 1980
2026/08/01 23:22:55.519, 100, 64, 61509, 81559, 587.88, 1980
2026/08/01 23:22:56.519, 100, 64, 61509, 81559, 599.22, 1980
2026/08/01 23:22:57.519, 100, 64, 61509, 81559, 586.34, 1980
2026/08/01 23:22:58.520, 100, 64, 61509, 81559, 587.45, 1980
2026/08/01 23:22:59.520, 100, 83, 61509, 81559, 613.83, 1980
2026/08/01 23:23:00.520, 100, 83, 61509, 81559, 649.57, 1980
2026/08/01 23:23:01.521, 100, 84, 61509, 81559, 649.66, 1980
2026/08/01 23:23:02.521, 100, 83, 61509, 81559, 640.61, 1980
2026/08/01 23:23:03.521, 100, 64, 61509, 81559, 593.31, 1980
2026/08/01 23:23:04.521, 100, 63, 61509, 81559, 583.14, 1980
2026/08/01 23:23:05.522, 100, 64, 61509, 81559, 590.55, 1980
2026/08/01 23:23:06.522, 100, 64, 61509, 81559, 598.92, 1980
2026/08/01 23:23:07.522, 100, 64, 61509, 81559, 580.22, 1980
2026/08/01 23:23:08.523, 100, 84, 61509, 81559, 638.06, 1980
2026/08/01 23:23:09.523, 100, 83, 61509, 81559, 650.02, 1980
2026/08/01 23:23:10.523, 100, 83, 61509, 81559, 650.99, 1980
2026/08/01 23:23:11.523, 100, 64, 61509, 81559, 621.43, 1980
2026/08/01 23:23:12.524, 100, 64, 61509, 81559, 589.07, 1980
2026/08/01 23:23:13.524, 100, 64, 61509, 81559, 598.96, 1980
2026/08/01 23:23:14.525, 100, 64, 61509, 81559, 586.96, 1980
2026/08/01 23:23:15.525, 100, 64, 61509, 81559, 584.45, 1980
2026/08/01 23:23:16.525, 100, 84, 61509, 81559, 608.56, 1980
2026/08/01 23:23:17.525, 100, 83, 61509, 81559, 650.16, 1980
2026/08/01 23:23:18.526, 100, 83, 61509, 81559, 651.16, 1980
2026/08/01 23:23:19.526, 100, 84, 61509, 81559, 649.63, 1980
2026/08/01 23:23:20.526, 100, 64, 61509, 81559, 604.50, 1980
2026/08/01 23:23:21.527, 100, 63, 61509, 81559, 586.69, 1980
2026/08/01 23:23:22.527, 100, 64, 61509, 81559, 586.36, 1980
2026/08/01 23:23:23.527, 100, 64, 61509, 81559, 592.58, 1980
2026/08/01 23:23:24.528, 100, 64, 61509, 81559, 598.54, 1980
2026/08/01 23:23:25.528, 100, 83, 61509, 81559, 617.49, 1980
2026/08/01 23:23:26.528, 100, 83, 61509, 81559, 651.44, 1980
2026/08/01 23:23:27.528, 100, 84, 61509, 81559, 651.16, 1980
2026/08/01 23:23:28.529, 92, 74, 61509, 81559, 630.95, 1980
2026/08/01 23:23:29.529, 100, 64, 61509, 81559, 589.00, 1980
2026/08/01 23:23:30.529, 100, 64, 61509, 81559, 584.45, 1980
2026/08/01 23:23:31.529, 100, 64, 61509, 81559, 599.37, 1980
2026/08/01 23:23:32.530, 100, 64, 61509, 81559, 586.89, 1980
2026/08/01 23:23:33.530, 100, 64, 61509, 81559, 581.24, 1980
2026/08/01 23:23:34.531, 100, 83, 61509, 81559, 649.47, 1980
2026/08/01 23:23:35.531, 100, 84, 61509, 81559, 650.77, 1980
2026/08/01 23:23:36.531, 100, 83, 61509, 81559, 651.34, 1980
2026/08/01 23:23:37.531, 100, 64, 61509, 81559, 604.47, 1980
2026/08/01 23:23:38.532, 100, 64, 61509, 81559, 598.59, 1980
2026/08/01 23:23:39.532, 100, 63, 61509, 81559, 583.97, 1980
2026/08/01 23:23:40.532, 100, 64, 61509, 81559, 591.40, 1980
2026/08/01 23:23:41.533, 100, 64, 61509, 81559, 596.03, 1980
2026/08/01 23:23:42.533, 100, 84, 61509, 81559, 606.65, 1980
2026/08/01 23:23:43.533, 100, 84, 61509, 81559, 650.28, 1980
2026/08/01 23:23:44.533, 100, 83, 61509, 81559, 649.61, 1980
2026/08/01 23:23:45.534, 100, 83, 61509, 81559, 648.73, 1980
2026/08/01 23:23:46.534, 100, 64, 61509, 81559, 579.26, 1980
2026/08/01 23:23:47.534, 100, 64, 61509, 81559, 597.68, 1980
2026/08/01 23:23:48.535, 100, 64, 61509, 81559, 590.16, 1980
2026/08/01 23:23:49.535, 100, 64, 61509, 81559, 585.07, 1980
2026/08/01 23:23:50.535, 100, 64, 61509, 81559, 597.22, 1980
2026/08/01 23:23:51.536, 100, 83, 61509, 81559, 621.81, 1980
2026/08/01 23:23:52.536, 100, 83, 61509, 81559, 650.70, 1980
2026/08/01 23:23:53.536, 100, 84, 61509, 81559, 650.88, 1980
2026/08/01 23:23:54.537, 100, 63, 61509, 81559, 627.76, 1980
2026/08/01 23:23:55.537, 100, 64, 61509, 81559, 590.41, 1980
2026/08/01 23:23:56.537, 100, 64, 61509, 81559, 600.46, 1980
2026/08/01 23:23:57.538, 100, 63, 61509, 81559, 583.92, 1980
2026/08/01 23:23:58.538, 100, 64, 61509, 81559, 589.76, 1980
2026/08/01 23:23:59.539, 100, 64, 61509, 81559, 599.61, 1980
2026/08/01 23:24:00.539, 100, 84, 61509, 81559, 649.38, 1980
2026/08/01 23:24:01.539, 100, 83, 61509, 81559, 649.22, 1980
2026/08/01 23:24:02.540, 100, 83, 61509, 81559, 650.80, 1980
2026/08/01 23:24:03.540, 100, 64, 61509, 81559, 607.44, 1980
2026/08/01 23:24:04.540, 100, 64, 61509, 81559, 592.25, 1980
2026/08/01 23:24:05.541, 100, 63, 61509, 81559, 586.52, 1980
2026/08/01 23:24:06.541, 100, 64, 61509, 81559, 591.17, 1980
2026/08/01 23:24:07.541, 100, 64, 61509, 81559, 599.17, 1980
2026/08/01 23:24:08.542, 100, 83, 61509, 81559, 609.14, 1980
2026/08/01 23:24:09.542, 100, 83, 61509, 81559, 649.96, 1980
2026/08/01 23:24:10.542, 100, 83, 61509, 81559, 652.54, 1980
2026/08/01 23:24:11.542, 100, 84, 61509, 81559, 640.16, 1980
2026/08/01 23:24:12.543, 0, 0, 61509, 81559, 130.96, 1980
2026/08/01 23:24:13.543, 0, 0, 61509, 81559, 126.47, 1980
2026/08/01 23:24:14.543, 0, 0, 61509, 81559, 125.76, 1980
2026/08/01 23:24:15.544, 0, 0, 61509, 81559, 125.18, 1980
2026/08/01 23:24:16.544, 0, 0, 61509, 81559, 124.71, 1980
2026/08/01 23:24:17.544, 0, 0, 61509, 81559, 124.29, 1980
2026/08/01 23:24:18.545, 0, 0, 61509, 81559, 123.95, 1980
2026/08/01 23:24:19.546, 0, 0, 61509, 81559, 123.74, 1980
2026/08/01 23:24:20.595, 0, 0, 61509, 81559, 123.55, 1980
2026/08/01 23:24:21.595, 0, 0, 61511, 81559, 123.37, 1980
2026/08/01 23:24:22.596, 0, 0, 61511, 81559, 123.43, 1980
2026/08/01 23:24:23.598, 1, 0, 61511, 81559, 122.75, 1980
2026/08/01 23:24:24.598, 4, 1, 61511, 81559, 125.45, 1980
2026/08/01 23:24:25.599, 11, 2, 61511, 81559, 140.54, 1980
2026/08/01 23:24:26.599, 0, 0, 61511, 81559, 122.09, 1980
2026/08/01 23:24:27.599, 0, 0, 61511, 81559, 124.50, 1980
2026/08/01 23:24:28.600, 0, 0, 61511, 81559, 121.66, 1980
2026/08/01 23:24:29.601, 100, 62, 61513, 81559, 260.13, 1980
2026/08/01 23:24:30.601, 100, 62, 61513, 81559, 550.58, 1980
2026/08/01 23:24:31.602, 100, 62, 61513, 81559, 576.76, 1980
2026/08/01 23:24:32.602, 100, 62, 61513, 81559, 568.14, 1980
2026/08/01 23:24:33.603, 100, 62, 61513, 81559, 564.96, 1980
2026/08/01 23:24:34.603, 100, 62, 61513, 81559, 587.38, 1980
2026/08/01 23:24:35.603, 3, 0, 61513, 81559, 165.54, 1980
2026/08/01 23:24:36.604, 3, 0, 61513, 81559, 123.85, 1980
2026/08/01 23:24:37.604, 0, 0, 61513, 81559, 123.11, 1980
2026/08/01 23:24:38.604, 0, 0, 61513, 81559, 122.30, 1980
2026/08/01 23:24:39.605, 0, 0, 61513, 81559, 122.11, 1980
2026/08/01 23:24:40.605, 0, 0, 61513, 81559, 121.86, 1980
2026/08/01 23:24:41.606, 0, 0, 61513, 81559, 121.65, 1980
2026/08/01 23:24:42.606, 0, 0, 61513, 81559, 121.45, 1980
2026/08/01 23:24:43.606, 0, 0, 61513, 81559, 121.36, 1980
2026/08/01 23:24:44.607, 0, 0, 61513, 81559, 121.25, 1980
2026/08/01 23:24:45.607, 0, 0, 61513, 81559, 121.15, 1980
2026/08/01 23:24:46.607, 0, 0, 61513, 81559, 120.97, 1980
2026/08/01 23:24:47.608, 0, 0, 61513, 81559, 120.85, 1980
2026/08/01 23:24:48.608, 0, 0, 61513, 81559, 120.68, 1980
2026/08/01 23:24:49.608, 0, 0, 61515, 81559, 120.60, 1980
2026/08/01 23:24:50.609, 0, 0, 61515, 81559, 120.51, 1980
2026/08/01 23:24:51.609, 0, 0, 61515, 81559, 120.42, 1980
2026/08/01 23:24:52.609, 0, 0, 61515, 81559, 120.33, 1980
2026/08/01 23:24:53.610, 0, 0, 61515, 81559, 120.30, 1980
2026/08/01 23:24:54.610, 0, 0, 61515, 81559, 120.07, 1980
2026/08/01 23:24:55.610, 0, 0, 61515, 81559, 120.06, 1980
2026/08/01 23:24:56.611, 0, 0, 61515, 81559, 119.98, 1980
2026/08/01 23:24:57.611, 0, 0, 61515, 81559, 119.93, 1980
2026/08/01 23:24:58.611, 0, 0, 61515, 81559, 119.94, 1980
2026/08/01 23:24:59.611, 0, 0, 61515, 81559, 119.83, 1980
2026/08/01 23:25:00.612, 0, 0, 61515, 81559, 119.75, 1980
2026/08/01 23:25:01.612, 0, 0, 61515, 81559, 119.68, 1980
2026/08/01 23:25:02.612, 0, 0, 61515, 81559, 119.68, 1980
2026/08/01 23:25:03.613, 0, 0, 61515, 81559, 119.64, 1980
2026/08/01 23:25:04.613, 0, 0, 61515, 81559, 119.59, 1980
2026/08/01 23:25:05.613, 0, 0, 61515, 81559, 119.44, 1980
2026/08/01 23:25:06.614, 0, 0, 61517, 81559, 119.45, 1980
2026/08/01 23:25:07.614, 0, 0, 61517, 81559, 119.38, 1980
2026/08/01 23:25:08.614, 0, 0, 61517, 81559, 119.35, 1980
2026/08/01 23:25:09.615, 0, 0, 61517, 81559, 119.30, 1980
2026/08/01 23:25:10.615, 0, 0, 61517, 81559, 119.25, 1980
2026/08/01 23:25:11.616, 0, 0, 61517, 81559, 119.18, 1980
2026/08/01 23:25:12.616, 0, 0, 61517, 81559, 119.07, 1980
2026/08/01 23:25:13.616, 0, 0, 61517, 81559, 119.07, 1980
2026/08/01 23:25:14.617, 0, 0, 61517, 81559, 119.03, 1980
2026/08/01 23:25:15.617, 0, 0, 61517, 81559, 119.00, 1980
2026/08/01 23:25:16.618, 0, 0, 61517, 81559, 118.96, 1980
2026/08/01 23:25:17.618, 0, 0, 61517, 81559, 118.87, 1980
2026/08/01 23:25:18.618, 0, 0, 61517, 81559, 118.84, 1980
2026/08/01 23:25:19.619, 0, 0, 61517, 81559, 118.80, 1980
2026/08/01 23:25:20.619, 0, 0, 61517, 81559, 118.74, 1980
2026/08/01 23:25:21.619, 0, 0, 61517, 81559, 118.76, 1980
2026/08/01 23:25:22.619, 0, 0, 61519, 81559, 118.74, 1980
2026/08/01 23:25:23.620, 0, 0, 61519, 81559, 118.58, 1980
2026/08/01 23:25:24.620, 0, 0, 61519, 81559, 118.60, 1980
2026/08/01 23:25:25.621, 0, 0, 61519, 81559, 118.53, 1980
2026/08/01 23:25:26.621, 0, 0, 61519, 81559, 118.55, 1980
2026/08/01 23:25:27.622, 0, 0, 61519, 81559, 118.52, 1980
2026/08/01 23:25:28.622, 0, 0, 61519, 81559, 118.41, 1980
2026/08/01 23:25:29.622, 0, 0, 61519, 81559, 118.37, 1980
2026/08/01 23:25:30.623, 0, 0, 61519, 81559, 118.33, 1980
2026/08/01 23:25:31.623, 0, 0, 61519, 81559, 118.31, 1980
2026/08/01 23:25:32.624, 0, 0, 61519, 81559, 118.25, 1980
2026/08/01 23:25:33.624, 0, 0, 61519, 81559, 118.25, 1980
2026/08/01 23:25:34.624, 1, 0, 61519, 81559, 118.21, 1980
2026/08/01 23:25:35.625, 0, 0, 61519, 81559, 118.15, 1980
2026/08/01 23:25:36.625, 0, 0, 61519, 81559, 118.12, 1980
2026/08/01 23:25:37.625, 0, 0, 61519, 81559, 118.11, 1980
2026/08/01 23:25:38.626, 0, 0, 61519, 81559, 118.11, 1980
2026/08/01 23:25:39.626, 0, 0, 61521, 81559, 118.13, 1980
2026/08/01 23:25:40.627, 0, 0, 61521, 81559, 118.03, 1980
2026/08/01 23:25:41.627, 0, 0, 61521, 81559, 118.01, 1980
2026/08/01 23:25:42.627, 0, 0, 61521, 81559, 117.97, 1980
2026/08/01 23:25:43.628, 0, 0, 61521, 81559, 117.97, 1980
2026/08/01 23:25:44.628, 0, 0, 61521, 81559, 117.95, 1980
2026/08/01 23:25:45.628, 0, 0, 61521, 81559, 117.91, 1980
2026/08/01 23:25:46.629, 0, 0, 61521, 81559, 117.89, 1980
2026/08/01 23:25:47.629, 100, 62, 61523, 81559, 277.83, 1980
2026/08/01 23:25:48.629, 100, 62, 61523, 81559, 570.05, 1980
2026/08/01 23:25:49.630, 100, 62, 61523, 81559, 565.76, 1980
2026/08/01 23:25:50.630, 100, 62, 61523, 81559, 565.51, 1980
2026/08/01 23:25:51.630, 100, 62, 61523, 81559, 570.85, 1980
2026/08/01 23:25:52.631, 100, 62, 61523, 81559, 567.14, 1980
2026/08/01 23:25:53.631, 0, 0, 61523, 81559, 148.21, 1980
2026/08/01 23:25:54.631, 0, 0, 61523, 81559, 119.65, 1980
2026/08/01 23:25:55.632, 0, 0, 61523, 81559, 119.34, 1980
2026/08/01 23:25:56.632, 0, 0, 61523, 81559, 119.23, 1980
2026/08/01 23:25:57.632, 0, 0, 61523, 81559, 119.08, 1980
2026/08/01 23:25:58.633, 0, 0, 61523, 81559, 119.00, 1980
2026/08/01 23:25:59.633, 0, 0, 61523, 81559, 118.86, 1980
2026/08/01 23:26:00.634, 0, 0, 61523, 81559, 118.83, 1980
2026/08/01 23:26:01.695, 0, 0, 61523, 81559, 118.75, 1980
2026/08/01 23:26:02.695, 0, 0, 61523, 81559, 118.71, 1980
2026/08/01 23:26:03.699, 2, 0, 61525, 81559, 153.03, 1980
2026/08/01 23:26:04.699, 100, 60, 61525, 81559, 556.22, 1980
2026/08/01 23:26:05.699, 100, 60, 61525, 81559, 553.23, 1980
2026/08/01 23:26:06.699, 100, 60, 61525, 81559, 555.78, 1980
2026/08/01 23:26:07.700, 100, 60, 61525, 81559, 557.60, 1980
2026/08/01 23:26:08.700, 100, 61, 61525, 81559, 556.78, 1980
2026/08/01 23:26:09.700, 0, 0, 61525, 81559, 350.26, 1980
2026/08/01 23:26:10.701, 0, 0, 61525, 81559, 120.51, 1980
2026/08/01 23:26:11.701, 0, 0, 61525, 81559, 120.02, 1980
2026/08/01 23:26:12.701, 0, 0, 61525, 81559, 119.76, 1980
2026/08/01 23:26:13.702, 0, 0, 61525, 81559, 119.59, 1980
2026/08/01 23:26:14.702, 0, 0, 61525, 81559, 119.46, 1980
2026/08/01 23:26:15.703, 0, 0, 61525, 81559, 119.33, 1980
2026/08/01 23:26:16.703, 0, 0, 61525, 81559, 119.25, 1980
2026/08/01 23:26:17.708, 0, 0, 61525, 81559, 119.15, 1980
2026/08/01 23:26:18.708, 0, 0, 61525, 81559, 118.97, 1980
2026/08/01 23:26:19.708, 0, 0, 61525, 81559, 119.02, 1980
2026/08/01 23:26:20.709, 99, 28, 61527, 81559, 281.87, 1980
2026/08/01 23:26:21.709, 99, 28, 61527, 81559, 357.52, 1980
2026/08/01 23:26:22.710, 99, 28, 61527, 81559, 360.55, 1980
2026/08/01 23:26:23.710, 99, 28, 61527, 81559, 347.91, 1980
2026/08/01 23:26:24.710, 99, 28, 61527, 81559, 366.71, 1980
2026/08/01 23:26:25.711, 99, 28, 61527, 81559, 348.52, 1980
2026/08/01 23:26:26.711, 99, 28, 61527, 81559, 357.67, 1980
2026/08/01 23:26:27.711, 99, 28, 61527, 81559, 348.58, 1980
2026/08/01 23:26:28.712, 99, 28, 61527, 81559, 358.81, 1980
2026/08/01 23:26:29.712, 98, 27, 61527, 81559, 358.35, 1980
2026/08/01 23:26:30.712, 99, 29, 61527, 81559, 354.78, 1980
2026/08/01 23:26:31.713, 99, 28, 61527, 81559, 352.83, 1980
2026/08/01 23:26:32.713, 0, 0, 61527, 81559, 174.86, 1980
2026/08/01 23:26:33.714, 0, 0, 61527, 81559, 120.17, 1980
2026/08/01 23:26:34.714, 0, 0, 61527, 81559, 119.79, 1980
2026/08/01 23:26:35.715, 0, 0, 61527, 81559, 119.69, 1980
2026/08/01 23:26:36.715, 0, 0, 61527, 81559, 119.51, 1980
2026/08/01 23:26:37.716, 0, 0, 61527, 81559, 119.40, 1980
2026/08/01 23:26:38.716, 0, 0, 61527, 81559, 119.35, 1980
2026/08/01 23:26:39.716, 0, 0, 61527, 81559, 119.26, 1980
2026/08/01 23:26:40.717, 0, 0, 61527, 81559, 119.14, 1980
2026/08/01 23:26:41.717, 98, 28, 61527, 81559, 177.59, 1980
2026/08/01 23:26:42.717, 99, 28, 61527, 81559, 350.14, 1980
2026/08/01 23:26:43.718, 98, 28, 61527, 81559, 361.69, 1980
2026/08/01 23:26:44.718, 99, 29, 61527, 81559, 364.10, 1980
2026/08/01 23:26:45.718, 98, 28, 61527, 81559, 357.33, 1980
2026/08/01 23:26:46.719, 98, 28, 61527, 81559, 369.64, 1980
2026/08/01 23:26:47.719, 99, 28, 61527, 81559, 341.90, 1980
2026/08/01 23:26:48.719, 99, 29, 61527, 81559, 320.13, 1980
2026/08/01 23:26:49.720, 99, 28, 61527, 81559, 338.71, 1980
2026/08/01 23:26:50.720, 98, 28, 61527, 81559, 361.81, 1980
2026/08/01 23:26:51.720, 99, 29, 61527, 81559, 363.08, 1980
2026/08/01 23:26:52.721, 98, 28, 61527, 81559, 335.13, 1980
2026/08/01 23:26:53.721, 23, 6, 61527, 81559, 319.96, 1980
2026/08/01 23:26:54.722, 0, 0, 61527, 81559, 120.52, 1980
2026/08/01 23:26:55.722, 0, 0, 61527, 81559, 120.02, 1980
2026/08/01 23:26:56.722, 0, 0, 61527, 81559, 119.85, 1980
2026/08/01 23:26:57.722, 0, 0, 61527, 81559, 119.65, 1980
2026/08/01 23:26:58.723, 0, 0, 61527, 81559, 119.51, 1980
2026/08/01 23:26:59.723, 0, 0, 61527, 81559, 119.39, 1980
2026/08/01 23:27:00.724, 0, 0, 61527, 81559, 119.29, 1980
2026/08/01 23:27:01.724, 0, 0, 61527, 81559, 119.20, 1980
2026/08/01 23:27:02.724, 0, 0, 61527, 81559, 119.12, 1980
2026/08/01 23:27:03.725, 0, 0, 61529, 81559, 119.05, 1980
2026/08/01 23:27:04.725, 100, 40, 61529, 81559, 394.68, 1980
2026/08/01 23:27:05.726, 100, 41, 61529, 81559, 427.30, 1980
2026/08/01 23:27:06.726, 100, 40, 61529, 81559, 424.12, 1980
2026/08/01 23:27:07.726, 100, 39, 61529, 81559, 426.88, 1980
2026/08/01 23:27:08.727, 100, 40, 61529, 81559, 427.97, 1980
2026/08/01 23:27:09.727, 100, 41, 61529, 81559, 426.99, 1980
2026/08/01 23:27:10.727, 100, 41, 61529, 81559, 425.14, 1980
2026/08/01 23:27:11.728, 100, 40, 61529, 81559, 425.06, 1980
2026/08/01 23:27:12.728, 0, 0, 61529, 81559, 279.23, 1980
2026/08/01 23:27:13.729, 0, 0, 61529, 81559, 120.47, 1980
2026/08/01 23:27:14.729, 0, 0, 61529, 81559, 120.11, 1980
2026/08/01 23:27:15.729, 0, 0, 61529, 81559, 119.92, 1980
2026/08/01 23:27:16.730, 0, 0, 61529, 81559, 119.73, 1980
2026/08/01 23:27:17.730, 0, 0, 61529, 81559, 119.55, 1980
2026/08/01 23:27:18.730, 0, 0, 61529, 81559, 119.40, 1980
2026/08/01 23:27:19.731, 0, 0, 61529, 81559, 119.32, 1980
2026/08/01 23:27:20.795, 0, 0, 61529, 81559, 119.27, 1980
2026/08/01 23:27:21.795, 0, 0, 61529, 81559, 119.19, 1980
2026/08/01 23:27:22.795, 89, 13, 61531, 81559, 150.45, 1980
2026/08/01 23:27:23.796, 89, 14, 61531, 81559, 249.97, 1980
2026/08/01 23:27:24.797, 89, 14, 61531, 81559, 251.43, 1980
2026/08/01 23:27:25.797, 88, 12, 61531, 81559, 246.90, 1980
2026/08/01 23:27:26.797, 89, 13, 61531, 81559, 246.08, 1980
2026/08/01 23:27:27.798, 89, 14, 61531, 81559, 250.41, 1980
2026/08/01 23:27:28.798, 87, 11, 61531, 81559, 245.15, 1980
2026/08/01 23:27:29.798, 88, 14, 61531, 81559, 252.13, 1980
2026/08/01 23:27:30.799, 88, 11, 61531, 81559, 249.65, 1980
2026/08/01 23:27:31.799, 89, 14, 61531, 81559, 247.97, 1980
2026/08/01 23:27:32.800, 88, 13, 61531, 81559, 252.01, 1980
2026/08/01 23:27:33.800, 89, 14, 61531, 81559, 243.57, 1980
2026/08/01 23:27:34.801, 80, 11, 61531, 81559, 244.74, 1980
2026/08/01 23:27:35.801, 89, 13, 61531, 81559, 253.07, 1980
2026/08/01 23:27:36.801, 90, 14, 61531, 81559, 245.46, 1980
2026/08/01 23:27:37.802, 88, 13, 61531, 81559, 252.85, 1980
2026/08/01 23:27:38.802, 89, 14, 61531, 81559, 244.76, 1980
2026/08/01 23:27:39.803, 89, 13, 61531, 81559, 242.98, 1980
2026/08/01 23:27:40.803, 89, 13, 61531, 81559, 245.59, 1980
2026/08/01 23:27:41.803, 83, 11, 61531, 81559, 246.12, 1980
2026/08/01 23:27:42.804, 84, 11, 61531, 81559, 237.07, 1980
2026/08/01 23:27:43.804, 85, 14, 61531, 81559, 241.17, 1980
2026/08/01 23:27:44.805, 82, 12, 61531, 81559, 237.74, 1980
2026/08/01 23:27:45.805, 94, 15, 61531, 81559, 268.28, 1980
2026/08/01 23:27:46.806, 95, 16, 61531, 81559, 263.71, 1980
2026/08/01 23:27:47.806, 94, 14, 61531, 81559, 256.15, 1980
2026/08/01 23:27:48.807, 0, 0, 61531, 81559, 172.05, 1980
2026/08/01 23:27:49.807, 0, 0, 61531, 81559, 119.21, 1980
2026/08/01 23:27:50.808, 0, 0, 61531, 81559, 119.07, 1980
2026/08/01 23:27:51.808, 0, 0, 61531, 81559, 118.93, 1980
2026/08/01 23:27:52.808, 0, 0, 61531, 81559, 118.74, 1980
2026/08/01 23:27:53.809, 0, 0, 61531, 81559, 118.72, 1980
2026/08/01 23:27:54.809, 0, 0, 61531, 81559, 118.60, 1980
2026/08/01 23:27:55.810, 0, 0, 61531, 81559, 118.52, 1980
2026/08/01 23:27:56.810, 0, 0, 61531, 81559, 118.50, 1980
2026/08/01 23:27:57.810, 0, 0, 61531, 81559, 118.38, 1980
2026/08/01 23:27:58.811, 100, 41, 61533, 81559, 219.08, 1980
2026/08/01 23:27:59.815, 100, 39, 61533, 81559, 431.54, 1980
2026/08/01 23:28:00.815, 100, 39, 61533, 81559, 414.88, 1980
2026/08/01 23:28:01.815, 100, 41, 61533, 81559, 427.54, 1980
2026/08/01 23:28:02.816, 100, 39, 61533, 81559, 425.68, 1980
2026/08/01 23:28:03.816, 100, 41, 61533, 81559, 430.16, 1980
2026/08/01 23:28:04.817, 100, 40, 61533, 81559, 426.36, 1980
2026/08/01 23:28:05.817, 100, 40, 61533, 81559, 430.82, 1980
2026/08/01 23:28:06.817, 100, 41, 61533, 81559, 427.02, 1980
2026/08/01 23:28:07.818, 0, 0, 61533, 81559, 152.35, 1980
2026/08/01 23:28:08.818, 0, 0, 61533, 81559, 119.63, 1980
2026/08/01 23:28:09.818, 0, 0, 61533, 81559, 119.32, 1980
2026/08/01 23:28:10.819, 0, 0, 61533, 81559, 119.16, 1980
2026/08/01 23:28:11.819, 0, 0, 61533, 81559, 119.01, 1980
2026/08/01 23:28:12.819, 0, 0, 61533, 81559, 118.86, 1980
2026/08/01 23:28:13.820, 0, 0, 61533, 81559, 118.77, 1980
2026/08/01 23:28:14.820, 0, 0, 61533, 81559, 118.78, 1980
2026/08/01 23:28:15.820, 0, 0, 61533, 81559, 118.65, 1980
2026/08/01 23:28:16.821, 100, 63, 61535, 81559, 304.38, 1980
2026/08/01 23:28:17.821, 100, 62, 61535, 81559, 571.02, 1980
2026/08/01 23:28:18.822, 100, 62, 61535, 81559, 570.54, 1980
2026/08/01 23:28:19.822, 100, 63, 61535, 81559, 574.26, 1980
2026/08/01 23:28:20.823, 100, 63, 61535, 81559, 570.89, 1980
2026/08/01 23:28:21.823, 100, 63, 61535, 81559, 550.04, 1980
2026/08/01 23:28:22.823, 0, 0, 61535, 81559, 121.43, 1980
2026/08/01 23:28:23.824, 0, 0, 61535, 81559, 120.07, 1980
2026/08/01 23:28:24.824, 0, 0, 61535, 81559, 119.76, 1980
2026/08/01 23:28:25.825, 0, 0, 61535, 81559, 119.51, 1980
2026/08/01 23:28:26.825, 0, 0, 61535, 81559, 119.42, 1980
2026/08/01 23:28:27.825, 0, 0, 61535, 81559, 119.27, 1980
2026/08/01 23:28:28.826, 0, 0, 61535, 81559, 119.06, 1980
2026/08/01 23:28:29.826, 0, 0, 61535, 81559, 119.03, 1980
2026/08/01 23:28:30.829, 0, 0, 61535, 81559, 118.92, 1980
2026/08/01 23:28:31.829, 94, 25, 61537, 81559, 229.01, 1980
2026/08/01 23:28:32.829, 95, 26, 61537, 81559, 335.73, 1980
2026/08/01 23:28:33.830, 96, 26, 61537, 81559, 329.00, 1980
2026/08/01 23:28:34.830, 96, 26, 61537, 81559, 331.79, 1980
2026/08/01 23:28:35.831, 95, 26, 61537, 81559, 329.83, 1980
2026/08/01 23:28:36.831, 95, 25, 61537, 81559, 333.05, 1980
2026/08/01 23:28:37.832, 99, 28, 61537, 81559, 349.50, 1980
2026/08/01 23:28:38.832, 98, 27, 61537, 81559, 353.85, 1980
2026/08/01 23:28:39.832, 99, 28, 61537, 81559, 353.95, 1980
2026/08/01 23:28:40.833, 98, 28, 61537, 81559, 348.93, 1980
2026/08/01 23:28:41.833, 99, 28, 61537, 81559, 343.25, 1980
2026/08/01 23:28:42.833, 98, 27, 61537, 81559, 348.18, 1980
2026/08/01 23:28:43.834, 98, 27, 61537, 81559, 352.00, 1980
2026/08/01 23:28:44.834, 0, 0, 61537, 81559, 150.88, 1980
2026/08/01 23:28:45.835, 0, 0, 61537, 81559, 119.94, 1980
2026/08/01 23:28:46.835, 0, 0, 61537, 81559, 119.71, 1980
2026/08/01 23:28:47.835, 0, 0, 61537, 81559, 119.54, 1980
2026/08/01 23:28:48.836, 0, 0, 61537, 81559, 119.39, 1980
2026/08/01 23:28:49.836, 0, 0, 61537, 81559, 119.23, 1980
2026/08/01 23:28:50.836, 0, 0, 61537, 81559, 119.13, 1980
2026/08/01 23:28:51.837, 0, 0, 61537, 81559, 119.10, 1980
2026/08/01 23:28:52.837, 0, 0, 61537, 81559, 119.01, 1980
2026/08/01 23:28:53.837, 0, 0, 61537, 81559, 118.93, 1980
2026/08/01 23:28:54.838, 95, 26, 61537, 81559, 270.67, 1980
2026/08/01 23:28:55.838, 94, 25, 61537, 81559, 338.45, 1980
2026/08/01 23:28:56.839, 83, 22, 61537, 81559, 331.99, 1980
2026/08/01 23:28:57.839, 94, 25, 61537, 81559, 332.78, 1980
2026/08/01 23:28:58.839, 96, 26, 61537, 81559, 333.47, 1980
2026/08/01 23:28:59.840, 96, 26, 61537, 81559, 336.51, 1980
2026/08/01 23:29:00.840, 99, 28, 61537, 81559, 341.70, 1980
2026/08/01 23:29:01.841, 98, 28, 61537, 81559, 348.67, 1980
2026/08/01 23:29:02.841, 90, 25, 61537, 81559, 341.89, 1980
2026/08/01 23:29:03.841, 98, 28, 61537, 81559, 337.05, 1980
2026/08/01 23:29:04.842, 99, 28, 61537, 81559, 351.40, 1980
2026/08/01 23:29:05.842, 94, 25, 61537, 81559, 324.60, 1980
2026/08/01 23:29:06.842, 93, 25, 61537, 81559, 326.39, 1980
2026/08/01 23:29:07.843, 0, 0, 61537, 81559, 180.12, 1980
2026/08/01 23:29:08.843, 0, 0, 61537, 81559, 119.85, 1980
2026/08/01 23:29:09.843, 0, 0, 61537, 81559, 119.62, 1980
2026/08/01 23:29:10.844, 0, 0, 61525, 81559, 121.26, 1980
2026/08/01 23:29:11.844, 0, 0, 61491, 81559, 123.47, 1980
2026/08/01 23:29:12.845, 0, 0, 61487, 81559, 123.42, 1980
2026/08/01 23:29:13.845, 21, 3, 0, 81559, 128.15, 1980
2026/08/01 23:29:14.845, 0, 0, 0, 81559, 123.18, 1980
2026/08/01 23:29:15.846, 0, 0, 0, 81559, 105.14, 375
2026/08/01 23:29:16.846, 0, 0, 0, 81559, 69.67, 345
2026/08/01 23:29:17.847, 0, 0, 0, 81559, 69.58, 345
2026/08/01 23:29:18.847, 0, 0, 0, 81559, 69.48, 345
2026/08/01 23:29:19.847, 0, 0, 0, 81559, 69.52, 345
2026/08/01 23:29:20.847, 0, 0, 0, 81559, 69.45, 345
2026/08/01 23:29:21.848, 0, 0, 0, 81559, 69.41, 345
2026/08/01 23:29:22.848, 0, 0, 0, 81559, 69.33, 345
2026/08/01 23:29:23.849, 0, 0, 0, 81559, 69.24, 345
2026/08/01 23:29:24.849, 0, 0, 0, 81559, 69.20, 345
2026/08/01 23:29:25.850, 0, 0, 0, 81559, 69.20, 345
2026/08/01 23:29:26.850, 0, 0, 0, 81559, 69.14, 345
2026/08/01 23:29:27.850, 0, 0, 0, 81559, 69.13, 345
2026/08/01 23:29:28.851, 0, 0, 0, 81559, 69.08, 345
2026/08/01 23:29:29.851, 0, 0, 0, 81559, 69.07, 345
2026/08/01 23:29:30.852, 0, 0, 0, 81559, 68.97, 345
2026/08/01 23:29:31.852, 0, 0, 0, 81559, 68.97, 345
2026/08/01 23:29:32.853, 0, 0, 0, 81559, 68.94, 345
2026/08/01 23:29:33.853, 0, 0, 0, 81559, 68.91, 345
2026/08/01 23:29:34.853, 0, 0, 0, 81559, 68.92, 345
2026/08/01 23:29:35.854, 0, 0, 0, 81559, 68.86, 345
2026/08/01 23:29:36.854, 0, 0, 0, 81559, 68.86, 345
2026/08/01 23:29:37.855, 0, 0, 0, 81559, 68.85, 345
2026/08/01 23:29:38.855, 0, 0, 0, 81559, 68.82, 345
2026/08/01 23:29:39.855, 0, 0, 0, 81559, 68.70, 345
2026/08/01 23:29:40.856, 0, 0, 0, 81559, 68.67, 345
2026/08/01 23:29:41.856, 0, 0, 0, 81559, 68.69, 345
2026/08/01 23:29:42.856, 0, 0, 0, 81559, 68.69, 345
2026/08/01 23:29:43.857, 0, 0, 0, 81559, 68.63, 345
2026/08/01 23:29:44.857, 0, 0, 0, 81559, 68.63, 345
2026/08/01 23:29:45.857, 0, 0, 0, 81559, 68.58, 345
2026/08/01 23:29:46.858, 0, 0, 0, 81559, 68.58, 345
